Workbook

Sheet Attendance Sheet
A1: ="Attendance Sheet for "&G3
B3: =HYPERLINK("#'"&$G$3&"'!A1","Go to selected month") | D3: Select Month: | G3: August 2026 | K3: Sundays: | L3: =INDIRECT("'"&$G$3&"'!$L$3")
A4: Grade | B4: Student Name | D4: =T(INDIRECT("'"&$G$3&"'!D$4")) | E4: =T(INDIRECT("'"&$G$3&"'!E$4")) | F4: =T(INDIRECT("'"&$G$3&"'!F$4")) | G4: =T(INDIRECT("'"&$G$3&"'!G$4")) | H4: =T(INDIRECT("'"&$G$3&"'!H$4")) | I4: Present Count | J4: % Present
A5: 1st | B5: Ethan Renju George | D5: =IF(ISBLANK(INDIRECT("'"&$G$3&"'!"&ADDRESS(ROW(),COLUMN(),4))),"",INDIRECT("'"&$G$3&"'!"&ADDRESS(ROW(),COLUMN(),4))) | E5: =IF(ISBLANK(INDIRECT("'"&$G$3&"'!"&ADDRESS(ROW(),COLUMN(),4))),"",INDIRECT("'"&$G$3&"'!"&ADDRESS(ROW(),COLUMN(),4))) | F5: =IF(ISBLANK(INDIRECT("'"&$G$3&"'!"&ADDRESS(ROW(),COLUMN(),4))),"",INDIRECT("'"&$G$3&"'!"&ADDRESS(ROW(),COLUMN(),4))) | G5: =IF(ISBLANK(INDIRECT("'"&$G$3&"'!"&ADDRESS(ROW(),COLUMN(),4))),"",INDIRECT("'"&$G$3&"'!"&ADDRESS(ROW(),COLUMN(),4))) | H5: =IF(ISBLANK(INDIRECT("'"&$G$3&"'!"&ADDRESS(ROW(),COLUMN(),4))),"",INDIRECT("'"&$G$3&"'!"&ADDRESS(ROW(),COLUMN(),4))) | I5: =COUNTIF(D5:H5,1) | J5: =IFERROR(I5/$L$3,"")
A6: 1st | B6: Gia Ane Tom | D6: =IF(ISBLANK(INDIRECT("'"&$G$3&"'!"&ADDRESS(ROW(),COLUMN(),4))),"",INDIRECT("'"&$G$3&"'!"&ADDRESS(ROW(),COLUMN(),4))) | E6: =IF(ISBLANK(INDIRECT("'"&$G$3&"'!"&ADDRESS(ROW(),COLUMN(),4))),"",INDIRECT("'"&$G$3&"'!"&ADDRESS(ROW(),COLUMN(),4))) | F6: =IF(ISBLANK(INDIRECT("'"&$G$3&"'!"&ADDRESS(ROW(),COLUMN(),4))),"",INDIRECT("'"&$G$3&"'!"&ADDRESS(ROW(),COLUMN(),4))) | G6: =IF(ISBLANK(INDIRECT("'"&$G$3&"'!"&ADDRESS(ROW(),COLUMN(),4))),"",INDIRECT("'"&$G$3&"'!"&ADDRESS(ROW(),COLUMN(),4))) | H6: =IF(ISBLANK(INDIRECT("'"&$G$3&"'!"&ADDRESS(ROW(),COLUMN(),4))),"",INDIRECT("'"&$G$3&"'!"&ADDRESS(ROW(),COLUMN(),4))) | I6: =COUNTIF(D6:H6,1) | J6: =IFERROR(I6/$L$3,"")
A7: 2nd | B7: Evan Starly | D7: =IF(ISBLANK(INDIRECT("'"&$G$3&"'!"&ADDRESS(ROW(),COLUMN(),4))),"",INDIRECT("'"&$G$3&"'!"&ADDRESS(ROW(),COLUMN(),4))) | E7: =IF(ISBLANK(INDIRECT("'"&$G$3&"'!"&ADDRESS(ROW(),COLUMN(),4))),"",INDIRECT("'"&$G$3&"'!"&ADDRESS(ROW(),COLUMN(),4))) | F7: =IF(ISBLANK(INDIRECT("'"&$G$3&"'!"&ADDRESS(ROW(),COLUMN(),4))),"",INDIRECT("'"&$G$3&"'!"&ADDRESS(ROW(),COLUMN(),4))) | G7: =IF(ISBLANK(INDIRECT("'"&$G$3&"'!"&ADDRESS(ROW(),COLUMN(),4))),"",INDIRECT("'"&$G$3&"'!"&ADDRESS(ROW(),COLUMN(),4))) | H7: =IF(ISBLANK(INDIRECT("'"&$G$3&"'!"&ADDRESS(ROW(),COLUMN(),4))),"",INDIRECT("'"&$G$3&"'!"&ADDRESS(ROW(),COLUMN(),4))) | I7: =COUNTIF(D7:H7,1) | J7: =IFERROR(I7/$L$3,"")
A8: 2nd | B8: Evana Mathew | D8: =IF(ISBLANK(INDIRECT("'"&$G$3&"'!"&ADDRESS(ROW(),COLUMN(),4))),"",INDIRECT("'"&$G$3&"'!"&ADDRESS(ROW(),COLUMN(),4))) | E8: =IF(ISBLANK(INDIRECT("'"&$G$3&"'!"&ADDRESS(ROW(),COLUMN(),4))),"",INDIRECT("'"&$G$3&"'!"&ADDRESS(ROW(),COLUMN(),4))) | F8: =IF(ISBLANK(INDIRECT("'"&$G$3&"'!"&ADDRESS(ROW(),COLUMN(),4))),"",INDIRECT("'"&$G$3&"'!"&ADDRESS(ROW(),COLUMN(),4))) | G8: =IF(ISBLANK(INDIRECT("'"&$G$3&"'!"&ADDRESS(ROW(),COLUMN(),4))),"",INDIRECT("'"&$G$3&"'!"&ADDRESS(ROW(),COLUMN(),4))) | H8: =IF(ISBLANK(INDIRECT("'"&$G$3&"'!"&ADDRESS(ROW(),COLUMN(),4))),"",INDIRECT("'"&$G$3&"'!"&ADDRESS(ROW(),COLUMN(),4))) | I8: =COUNTIF(D8:H8,1) | J8: =IFERROR(I8/$L$3,"")
A9: 4th | B9: Eileen Mary Joe | D9: =IF(ISBLANK(INDIRECT("'"&$G$3&"'!"&ADDRESS(ROW(),COLUMN(),4))),"",INDIRECT("'"&$G$3&"'!"&ADDRESS(ROW(),COLUMN(),4))) | E9: =IF(ISBLANK(INDIRECT("'"&$G$3&"'!"&ADDRESS(ROW(),COLUMN(),4))),"",INDIRECT("'"&$G$3&"'!"&ADDRESS(ROW(),COLUMN(),4))) | F9: =IF(ISBLANK(INDIRECT("'"&$G$3&"'!"&ADDRESS(ROW(),COLUMN(),4))),"",INDIRECT("'"&$G$3&"'!"&ADDRESS(ROW(),COLUMN(),4))) | G9: =IF(ISBLANK(INDIRECT("'"&$G$3&"'!"&ADDRESS(ROW(),COLUMN(),4))),"",INDIRECT("'"&$G$3&"'!"&ADDRESS(ROW(),COLUMN(),4))) | H9: =IF(ISBLANK(INDIRECT("'"&$G$3&"'!"&ADDRESS(ROW(),COLUMN(),4))),"",INDIRECT("'"&$G$3&"'!"&ADDRESS(ROW(),COLUMN(),4))) | I9: =COUNTIF(D9:H9,1) | J9: =IFERROR(I9/$L$3,"")
A10: 4th | B10: Riyana Rince | D10: =IF(ISBLANK(INDIRECT("'"&$G$3&"'!"&ADDRESS(ROW(),COLUMN(),4))),"",INDIRECT("'"&$G$3&"'!"&ADDRESS(ROW(),COLUMN(),4))) | E10: =IF(ISBLANK(INDIRECT("'"&$G$3&"'!"&ADDRESS(ROW(),COLUMN(),4))),"",INDIRECT("'"&$G$3&"'!"&ADDRESS(ROW(),COLUMN(),4))) | F10: =IF(ISBLANK(INDIRECT("'"&$G$3&"'!"&ADDRESS(ROW(),COLUMN(),4))),"",INDIRECT("'"&$G$3&"'!"&ADDRESS(ROW(),COLUMN(),4))) | G10: =IF(ISBLANK(INDIRECT("'"&$G$3&"'!"&ADDRESS(ROW(),COLUMN(),4))),"",INDIRECT("'"&$G$3&"'!"&ADDRESS(ROW(),COLUMN(),4))) | H10: =IF(ISBLANK(INDIRECT("'"&$G$3&"'!"&ADDRESS(ROW(),COLUMN(),4))),"",INDIRECT("'"&$G$3&"'!"&ADDRESS(ROW(),COLUMN(),4))) | I10: =COUNTIF(D10:H10,1) | J10: =IFERROR(I10/$L$3,"")
A11: 5th | B11: Aaron Renju George | D11: =IF(ISBLANK(INDIRECT("'"&$G$3&"'!"&ADDRESS(ROW(),COLUMN(),4))),"",INDIRECT("'"&$G$3&"'!"&ADDRESS(ROW(),COLUMN(),4))) | E11: =IF(ISBLANK(INDIRECT("'"&$G$3&"'!"&ADDRESS(ROW(),COLUMN(),4))),"",INDIRECT("'"&$G$3&"'!"&ADDRESS(ROW(),COLUMN(),4))) | F11: =IF(ISBLANK(INDIRECT("'"&$G$3&"'!"&ADDRESS(ROW(),COLUMN(),4))),"",INDIRECT("'"&$G$3&"'!"&ADDRESS(ROW(),COLUMN(),4))) | G11: =IF(ISBLANK(INDIRECT("'"&$G$3&"'!"&ADDRESS(ROW(),COLUMN(),4))),"",INDIRECT("'"&$G$3&"'!"&ADDRESS(ROW(),COLUMN(),4))) | H11: =IF(ISBLANK(INDIRECT("'"&$G$3&"'!"&ADDRESS(ROW(),COLUMN(),4))),"",INDIRECT("'"&$G$3&"'!"&ADDRESS(ROW(),COLUMN(),4))) | I11: =COUNTIF(D11:H11,1) | J11: =IFERROR(I11/$L$3,"")
A12: 5th | B12: Ezekiel Abraham | D12: =IF(ISBLANK(INDIRECT("'"&$G$3&"'!"&ADDRESS(ROW(),COLUMN(),4))),"",INDIRECT("'"&$G$3&"'!"&ADDRESS(ROW(),COLUMN(),4))) | E12: =IF(ISBLANK(INDIRECT("'"&$G$3&"'!"&ADDRESS(ROW(),COLUMN(),4))),"",INDIRECT("'"&$G$3&"'!"&ADDRESS(ROW(),COLUMN(),4))) | F12: =IF(ISBLANK(INDIRECT("'"&$G$3&"'!"&ADDRESS(ROW(),COLUMN(),4))),"",INDIRECT("'"&$G$3&"'!"&ADDRESS(ROW(),COLUMN(),4))) | G12: =IF(ISBLANK(INDIRECT("'"&$G$3&"'!"&ADDRESS(ROW(),COLUMN(),4))),"",INDIRECT("'"&$G$3&"'!"&ADDRESS(ROW(),COLUMN(),4))) | H12: =IF(ISBLANK(INDIRECT("'"&$G$3&"'!"&ADDRESS(ROW(),COLUMN(),4))),"",INDIRECT("'"&$G$3&"'!"&ADDRESS(ROW(),COLUMN(),4))) | I12: =COUNTIF(D12:H12,1) | J12: =IFERROR(I12/$L$3,"")
A13: 6th | B13: Andrea George | D13: =IF(ISBLANK(INDIRECT("'"&$G$3&"'!"&ADDRESS(ROW(),COLUMN(),4))),"",INDIRECT("'"&$G$3&"'!"&ADDRESS(ROW(),COLUMN(),4))) | E13: =IF(ISBLANK(INDIRECT("'"&$G$3&"'!"&ADDRESS(ROW(),COLUMN(),4))),"",INDIRECT("'"&$G$3&"'!"&ADDRESS(ROW(),COLUMN(),4))) | F13: =IF(ISBLANK(INDIRECT("'"&$G$3&"'!"&ADDRESS(ROW(),COLUMN(),4))),"",INDIRECT("'"&$G$3&"'!"&ADDRESS(ROW(),COLUMN(),4))) | G13: =IF(ISBLANK(INDIRECT("'"&$G$3&"'!"&ADDRESS(ROW(),COLUMN(),4))),"",INDIRECT("'"&$G$3&"'!"&ADDRESS(ROW(),COLUMN(),4))) | H13: =IF(ISBLANK(INDIRECT("'"&$G$3&"'!"&ADDRESS(ROW(),COLUMN(),4))),"",INDIRECT("'"&$G$3&"'!"&ADDRESS(ROW(),COLUMN(),4))) | I13: =COUNTIF(D13:H13,1) | J13: =IFERROR(I13/$L$3,"")
A14: 6th | B14: Sarah Mathew | D14: =IF(ISBLANK(INDIRECT("'"&$G$3&"'!"&ADDRESS(ROW(),COLUMN(),4))),"",INDIRECT("'"&$G$3&"'!"&ADDRESS(ROW(),COLUMN(),4))) | E14: =IF(ISBLANK(INDIRECT("'"&$G$3&"'!"&ADDRESS(ROW(),COLUMN(),4))),"",INDIRECT("'"&$G$3&"'!"&ADDRESS(ROW(),COLUMN(),4))) | F14: =IF(ISBLANK(INDIRECT("'"&$G$3&"'!"&ADDRESS(ROW(),COLUMN(),4))),"",INDIRECT("'"&$G$3&"'!"&ADDRESS(ROW(),COLUMN(),4))) | G14: =IF(ISBLANK(INDIRECT("'"&$G$3&"'!"&ADDRESS(ROW(),COLUMN(),4))),"",INDIRECT("'"&$G$3&"'!"&ADDRESS(ROW(),COLUMN(),4))) | H14: =IF(ISBLANK(INDIRECT("'"&$G$3&"'!"&ADDRESS(ROW(),COLUMN(),4))),"",INDIRECT("'"&$G$3&"'!"&ADDRESS(ROW(),COLUMN(),4))) | I14: =COUNTIF(D14:H14,1) | J14: =IFERROR(I14/$L$3,"")
A15: 7th | B15: Benjamin Shino | D15: =IF(ISBLANK(INDIRECT("'"&$G$3&"'!"&ADDRESS(ROW(),COLUMN(),4))),"",INDIRECT("'"&$G$3&"'!"&ADDRESS(ROW(),COLUMN(),4))) | E15: =IF(ISBLANK(INDIRECT("'"&$G$3&"'!"&ADDRESS(ROW(),COLUMN(),4))),"",INDIRECT("'"&$G$3&"'!"&ADDRESS(ROW(),COLUMN(),4))) | F15: =IF(ISBLANK(INDIRECT("'"&$G$3&"'!"&ADDRESS(ROW(),COLUMN(),4))),"",INDIRECT("'"&$G$3&"'!"&ADDRESS(ROW(),COLUMN(),4))) | G15: =IF(ISBLANK(INDIRECT("'"&$G$3&"'!"&ADDRESS(ROW(),COLUMN(),4))),"",INDIRECT("'"&$G$3&"'!"&ADDRESS(ROW(),COLUMN(),4))) | H15: =IF(ISBLANK(INDIRECT("'"&$G$3&"'!"&ADDRESS(ROW(),COLUMN(),4))),"",INDIRECT("'"&$G$3&"'!"&ADDRESS(ROW(),COLUMN(),4))) | I15: =COUNTIF(D15:H15,1) | J15: =IFERROR(I15/$L$3,"")
A16: 7th | B16: Ethaniel Abraham | D16: =IF(ISBLANK(INDIRECT("'"&$G$3&"'!"&ADDRESS(ROW(),COLUMN(),4))),"",INDIRECT("'"&$G$3&"'!"&ADDRESS(ROW(),COLUMN(),4))) | E16: =IF(ISBLANK(INDIRECT("'"&$G$3&"'!"&ADDRESS(ROW(),COLUMN(),4))),"",INDIRECT("'"&$G$3&"'!"&ADDRESS(ROW(),COLUMN(),4))) | F16: =IF(ISBLANK(INDIRECT("'"&$G$3&"'!"&ADDRESS(ROW(),COLUMN(),4))),"",INDIRECT("'"&$G$3&"'!"&ADDRESS(ROW(),COLUMN(),4))) | G16: =IF(ISBLANK(INDIRECT("'"&$G$3&"'!"&ADDRESS(ROW(),COLUMN(),4))),"",INDIRECT("'"&$G$3&"'!"&ADDRESS(ROW(),COLUMN(),4))) | H16: =IF(ISBLANK(INDIRECT("'"&$G$3&"'!"&ADDRESS(ROW(),COLUMN(),4))),"",INDIRECT("'"&$G$3&"'!"&ADDRESS(ROW(),COLUMN(),4))) | I16: =COUNTIF(D16:H16,1) | J16: =IFERROR(I16/$L$3,"")
... A27: 12th | B27: Jason Vijay | D27: =IF(ISBLANK(INDIRECT("'"&$G$3&"'!"&ADDRESS(ROW(),COLUMN(),4))),"",INDIRECT("'"&$G$3&"'!"&ADDRESS(ROW(),COLUMN(),4))) | E27: =IF(ISBLANK(INDIRECT("'"&$G$3&"'!"&ADDRESS(ROW(),COLUMN(),4))),"",INDIRECT("'"&$G$3&"'!"&ADDRESS(ROW(),COLUMN(),4))) | F27: =IF(ISBLANK(INDIRECT("'"&$G$3&"'!"&ADDRESS(ROW(),COLUMN(),4))),"",INDIRECT("'"&$G$3&"'!"&ADDRESS(ROW(),COLUMN(),4))) | G27: =IF(ISBLANK(INDIRECT("'"&$G$3&"'!"&ADDRESS(ROW(),COLUMN(),4))),"",INDIRECT("'"&$G$3&"'!"&ADDRESS(ROW(),COLUMN(),4))) | H27: =IF(ISBLANK(INDIRECT("'"&$G$3&"'!"&ADDRESS(ROW(),COLUMN(),4))),"",INDIRECT("'"&$G$3&"'!"&ADDRESS(ROW(),COLUMN(),4))) | I27: =COUNTIF(D27:H27,1) | J27: =IFERROR(I27/$L$3,"")
B28: Total Present | D28: =IF(D$4="","",SUM(D5:D27)) | E28: =IF(E$4="","",SUM(E5:E27)) | F28: =IF(F$4="","",SUM(F5:F27)) | G28: =IF(G$4="","",SUM(G5:G27)) | H28: =IF(H$4="","",SUM(H5:H27))
B30: HOW TO USE: Pick a month in the blue box (G3) to view it here. Mark attendance on the MONTH TABS (1 = present, 0 = absent, blank = not marked). This dashboard is view-only - its cells are formulas.

Sheet Year Summary
A1: Year Summary - Attendance 2026-2027
N2: Total Sundays: | O2: 52
A3: Grade | B3: Student Name | C3: Aug '26 | D3: Sep '26 | E3: Oct '26 | F3: Nov '26 | G3: Dec '26 | H3: Jan '27 | I3: Feb '27 | J3: Mar '27 | K3: Apr '27 | L3: May '27 | M3: Jun '27 | N3: Jul '27 | O3: Total Present | P3: Attendance % | Q3: Status
A4: 1st | B4: Ethan Renju George | C4: ='August 2026'!I5 | D4: ='September 2026'!I5 | E4: ='October 2026'!I5 | F4: ='November 2026'!I5 | G4: ='December 2026'!I5 | H4: ='January 2027'!I5 | I4: ='February 2027'!I5 | J4: ='March 2027'!I5 | K4: ='April 2027'!I5 | L4: ='May 2027'!I5 | M4: ='June 2027'!I5 | N4: ='July 2027'!I5 | O4: =SUM(C4:N4) | P4: =IFERROR(O4/$O$2,"") | Q4: =IF(P4="","",IF(P4>=0.75,"Excellent",IF(P4>=0.5,"Good","Needs Attention")))
A5: 1st | B5: Gia Ane Tom | C5: ='August 2026'!I6 | D5: ='September 2026'!I6 | E5: ='October 2026'!I6 | F5: ='November 2026'!I6 | G5: ='December 2026'!I6 | H5: ='January 2027'!I6 | I5: ='February 2027'!I6 | J5: ='March 2027'!I6 | K5: ='April 2027'!I6 | L5: ='May 2027'!I6 | M5: ='June 2027'!I6 | N5: ='July 2027'!I6 | O5: =SUM(C5:N5) | P5: =IFERROR(O5/$O$2,"") | Q5: =IF(P5="","",IF(P5>=0.75,"Excellent",IF(P5>=0.5,"Good","Needs Attention")))
A6: 2nd | B6: Evan Starly | C6: ='August 2026'!I7 | D6: ='September 2026'!I7 | E6: ='October 2026'!I7 | F6: ='November 2026'!I7 | G6: ='December 2026'!I7 | H6: ='January 2027'!I7 | I6: ='February 2027'!I7 | J6: ='March 2027'!I7 | K6: ='April 2027'!I7 | L6: ='May 2027'!I7 | M6: ='June 2027'!I7 | N6: ='July 2027'!I7 | O6: =SUM(C6:N6) | P6: =IFERROR(O6/$O$2,"") | Q6: =IF(P6="","",IF(P6>=0.75,"Excellent",IF(P6>=0.5,"Good","Needs Attention")))
A7: 2nd | B7: Evana Mathew | C7: ='August 2026'!I8 | D7: ='September 2026'!I8 | E7: ='October 2026'!I8 | F7: ='November 2026'!I8 | G7: ='December 2026'!I8 | H7: ='January 2027'!I8 | I7: ='February 2027'!I8 | J7: ='March 2027'!I8 | K7: ='April 2027'!I8 | L7: ='May 2027'!I8 | M7: ='June 2027'!I8 | N7: ='July 2027'!I8 | O7: =SUM(C7:N7) | P7: =IFERROR(O7/$O$2,"") | Q7: =IF(P7="","",IF(P7>=0.75,"Excellent",IF(P7>=0.5,"Good","Needs Attention")))
A8: 4th | B8: Eileen Mary Joe | C8: ='August 2026'!I9 | D8: ='September 2026'!I9 | E8: ='October 2026'!I9 | F8: ='November 2026'!I9 | G8: ='December 2026'!I9 | H8: ='January 2027'!I9 | I8: ='February 2027'!I9 | J8: ='March 2027'!I9 | K8: ='April 2027'!I9 | L8: ='May 2027'!I9 | M8: ='June 2027'!I9 | N8: ='July 2027'!I9 | O8: =SUM(C8:N8) | P8: =IFERROR(O8/$O$2,"") | Q8: =IF(P8="","",IF(P8>=0.75,"Excellent",IF(P8>=0.5,"Good","Needs Attention")))
A9: 4th | B9: Riyana Rince | C9: ='August 2026'!I10 | D9: ='September 2026'!I10 | E9: ='October 2026'!I10 | F9: ='November 2026'!I10 | G9: ='December 2026'!I10 | H9: ='January 2027'!I10 | I9: ='February 2027'!I10 | J9: ='March 2027'!I10 | K9: ='April 2027'!I10 | L9: ='May 2027'!I10 | M9: ='June 2027'!I10 | N9: ='July 2027'!I10 | O9: =SUM(C9:N9) | P9: =IFERROR(O9/$O$2,"") | Q9: =IF(P9="","",IF(P9>=0.75,"Excellent",IF(P9>=0.5,"Good","Needs Attention")))
A10: 5th | B10: Aaron Renju George | C10: ='August 2026'!I11 | D10: ='September 2026'!I11 | E10: ='October 2026'!I11 | F10: ='November 2026'!I11 | G10: ='December 2026'!I11 | H10: ='January 2027'!I11 | I10: ='February 2027'!I11 | J10: ='March 2027'!I11 | K10: ='April 2027'!I11 | L10: ='May 2027'!I11 | M10: ='June 2027'!I11 | N10: ='July 2027'!I11 | O10: =SUM(C10:N10) | P10: =IFERROR(O10/$O$2,"") | Q10: =IF(P10="","",IF(P10>=0.75,"Excellent",IF(P10>=0.5,"Good","Needs Attention")))
A11: 5th | B11: Ezekiel Abraham | C11: ='August 2026'!I12 | D11: ='September 2026'!I12 | E11: ='October 2026'!I12 | F11: ='November 2026'!I12 | G11: ='December 2026'!I12 | H11: ='January 2027'!I12 | I11: ='February 2027'!I12 | J11: ='March 2027'!I12 | K11: ='April 2027'!I12 | L11: ='May 2027'!I12 | M11: ='June 2027'!I12 | N11: ='July 2027'!I12 | O11: =SUM(C11:N11) | P11: =IFERROR(O11/$O$2,"") | Q11: =IF(P11="","",IF(P11>=0.75,"Excellent",IF(P11>=0.5,"Good","Needs Attention")))
A12: 6th | B12: Andrea George | C12: ='August 2026'!I13 | D12: ='September 2026'!I13 | E12: ='October 2026'!I13 | F12: ='November 2026'!I13 | G12: ='December 2026'!I13 | H12: ='January 2027'!I13 | I12: ='February 2027'!I13 | J12: ='March 2027'!I13 | K12: ='April 2027'!I13 | L12: ='May 2027'!I13 | M12: ='June 2027'!I13 | N12: ='July 2027'!I13 | O12: =SUM(C12:N12) | P12: =IFERROR(O12/$O$2,"") | Q12: =IF(P12="","",IF(P12>=0.75,"Excellent",IF(P12>=0.5,"Good","Needs Attention")))
A13: 6th | B13: Sarah Mathew | C13: ='August 2026'!I14 | D13: ='September 2026'!I14 | E13: ='October 2026'!I14 | F13: ='November 2026'!I14 | G13: ='December 2026'!I14 | H13: ='January 2027'!I14 | I13: ='February 2027'!I14 | J13: ='March 2027'!I14 | K13: ='April 2027'!I14 | L13: ='May 2027'!I14 | M13: ='June 2027'!I14 | N13: ='July 2027'!I14 | O13: =SUM(C13:N13) | P13: =IFERROR(O13/$O$2,"") | Q13: =IF(P13="","",IF(P13>=0.75,"Excellent",IF(P13>=0.5,"Good","Needs Attention")))
A14: 7th | B14: Benjamin Shino | C14: ='August 2026'!I15 | D14: ='September 2026'!I15 | E14: ='October 2026'!I15 | F14: ='November 2026'!I15 | G14: ='December 2026'!I15 | H14: ='January 2027'!I15 | I14: ='February 2027'!I15 | J14: ='March 2027'!I15 | K14: ='April 2027'!I15 | L14: ='May 2027'!I15 | M14: ='June 2027'!I15 | N14: ='July 2027'!I15 | O14: =SUM(C14:N14) | P14: =IFERROR(O14/$O$2,"") | Q14: =IF(P14="","",IF(P14>=0.75,"Excellent",IF(P14>=0.5,"Good","Needs Attention")))
A15: 7th | B15: Ethaniel Abraham | C15: ='August 2026'!I16 | D15: ='September 2026'!I16 | E15: ='October 2026'!I16 | F15: ='November 2026'!I16 | G15: ='December 2026'!I16 | H15: ='January 2027'!I16 | I15: ='February 2027'!I16 | J15: ='March 2027'!I16 | K15: ='April 2027'!I16 | L15: ='May 2027'!I16 | M15: ='June 2027'!I16 | N15: ='July 2027'!I16 | O15: =SUM(C15:N15) | P15: =IFERROR(O15/$O$2,"") | Q15: =IF(P15="","",IF(P15>=0.75,"Excellent",IF(P15>=0.5,"Good","Needs Attention")))
... A26: 12th | B26: Jason Vijay | C26: ='August 2026'!I27 | D26: ='September 2026'!I27 | E26: ='October 2026'!I27 | F26: ='November 2026'!I27 | G26: ='December 2026'!I27 | H26: ='January 2027'!I27 | I26: ='February 2027'!I27 | J26: ='March 2027'!I27 | K26: ='April 2027'!I27 | L26: ='May 2027'!I27 | M26: ='June 2027'!I27 | N26: ='July 2027'!I27 | O26: =SUM(C26:N26) | P26: =IFERROR(O26/$O$2,"") | Q26: =IF(P26="","",IF(P26>=0.75,"Excellent",IF(P26>=0.5,"Good","Needs Attention")))
B27: Class Total | C27: =SUM(C4:C26) | D27: =SUM(D4:D26) | E27: =SUM(E4:E26) | F27: =SUM(F4:F26) | G27: =SUM(G4:G26) | H27: =SUM(H4:H26) | I27: =SUM(I4:I26) | J27: =SUM(J4:J26) | ... N27: =SUM(N4:N26)

Sheet August 2026
A1: Attendance Sheet for August - 2026
B3: Month: | C3: August 2026 | K3: Sundays: | L3: 5
A4: Grade | B4: Student Name | D4: Sun, Aug 2 | E4: Sun, Aug 9 | F4: Sun, Aug 16 | G4: Sun, Aug 23 | H4: Sun, Aug 30 | I4: Present Count | J4: % Present
A5: 1st | B5: Ethan Renju George | I5: =COUNTIF(D5:H5,1) | J5: =IFERROR(I5/$L$3,"")
A6: 1st | B6: Gia Ane Tom | I6: =COUNTIF(D6:H6,1) | J6: =IFERROR(I6/$L$3,"")
A7: 2nd | B7: Evan Starly | I7: =COUNTIF(D7:H7,1) | J7: =IFERROR(I7/$L$3,"")
A8: 2nd | B8: Evana Mathew | I8: =COUNTIF(D8:H8,1) | J8: =IFERROR(I8/$L$3,"")
A9: 4th | B9: Eileen Mary Joe | I9: =COUNTIF(D9:H9,1) | J9: =IFERROR(I9/$L$3,"")
A10: 4th | B10: Riyana Rince | I10: =COUNTIF(D10:H10,1) | J10: =IFERROR(I10/$L$3,"")
A11: 5th | B11: Aaron Renju George | I11: =COUNTIF(D11:H11,1) | J11: =IFERROR(I11/$L$3,"")
A12: 5th | B12: Ezekiel Abraham | I12: =COUNTIF(D12:H12,1) | J12: =IFERROR(I12/$L$3,"")
A13: 6th | B13: Andrea George | I13: =COUNTIF(D13:H13,1) | J13: =IFERROR(I13/$L$3,"")
A14: 6th | B14: Sarah Mathew | I14: =COUNTIF(D14:H14,1) | J14: =IFERROR(I14/$L$3,"")
A15: 7th | B15: Benjamin Shino | I15: =COUNTIF(D15:H15,1) | J15: =IFERROR(I15/$L$3,"")
A16: 7th | B16: Ethaniel Abraham | I16: =COUNTIF(D16:H16,1) | J16: =IFERROR(I16/$L$3,"")
... A27: 12th | B27: Jason Vijay | I27: =COUNTIF(D27:H27,1) | J27: =IFERROR(I27/$L$3,"")
B28: Total Present | D28: =IF(D$4="","",SUM(D5:D27)) | E28: =IF(E$4="","",SUM(E5:E27)) | F28: =IF(F$4="","",SUM(F5:F27)) | G28: =IF(G$4="","",SUM(G5:G27)) | H28: =IF(H$4="","",SUM(H5:H27))

Sheet September 2026
A1: Attendance Sheet for September - 2026
B3: Month: | C3: September 2026 | K3: Sundays: | L3: 4
A4: Grade | B4: Student Name | D4: Sun, Sep 6 | E4: Sun, Sep 13 | F4: Sun, Sep 20 | G4: Sun, Sep 27 | I4: Present Count | J4: % Present
A5: 1st | B5: Ethan Renju George | I5: =COUNTIF(D5:H5,1) | J5: =IFERROR(I5/$L$3,"")
A6: 1st | B6: Gia Ane Tom | I6: =COUNTIF(D6:H6,1) | J6: =IFERROR(I6/$L$3,"")
A7: 2nd | B7: Evan Starly | I7: =COUNTIF(D7:H7,1) | J7: =IFERROR(I7/$L$3,"")
A8: 2nd | B8: Evana Mathew | I8: =COUNTIF(D8:H8,1) | J8: =IFERROR(I8/$L$3,"")
A9: 4th | B9: Eileen Mary Joe | I9: =COUNTIF(D9:H9,1) | J9: =IFERROR(I9/$L$3,"")
A10: 4th | B10: Riyana Rince | I10: =COUNTIF(D10:H10,1) | J10: =IFERROR(I10/$L$3,"")
A11: 5th | B11: Aaron Renju George | I11: =COUNTIF(D11:H11,1) | J11: =IFERROR(I11/$L$3,"")
A12: 5th | B12: Ezekiel Abraham | I12: =COUNTIF(D12:H12,1) | J12: =IFERROR(I12/$L$3,"")
A13: 6th | B13: Andrea George | I13: =COUNTIF(D13:H13,1) | J13: =IFERROR(I13/$L$3,"")
A14: 6th | B14: Sarah Mathew | I14: =COUNTIF(D14:H14,1) | J14: =IFERROR(I14/$L$3,"")
A15: 7th | B15: Benjamin Shino | I15: =COUNTIF(D15:H15,1) | J15: =IFERROR(I15/$L$3,"")
A16: 7th | B16: Ethaniel Abraham | I16: =COUNTIF(D16:H16,1) | J16: =IFERROR(I16/$L$3,"")
... A27: 12th | B27: Jason Vijay | I27: =COUNTIF(D27:H27,1) | J27: =IFERROR(I27/$L$3,"")
B28: Total Present | D28: =IF(D$4="","",SUM(D5:D27)) | E28: =IF(E$4="","",SUM(E5:E27)) | F28: =IF(F$4="","",SUM(F5:F27)) | G28: =IF(G$4="","",SUM(G5:G27)) | H28: =IF(H$4="","",SUM(H5:H27))

Sheet October 2026
A1: Attendance Sheet for October - 2026
B3: Month: | C3: October 2026 | K3: Sundays: | L3: 4
A4: Grade | B4: Student Name | D4: Sun, Oct 4 | E4: Sun, Oct 11 | F4: Sun, Oct 18 | G4: Sun, Oct 25 | I4: Present Count | J4: % Present
A5: 1st | B5: Ethan Renju George | I5: =COUNTIF(D5:H5,1) | J5: =IFERROR(I5/$L$3,"")
A6: 1st | B6: Gia Ane Tom | I6: =COUNTIF(D6:H6,1) | J6: =IFERROR(I6/$L$3,"")
A7: 2nd | B7: Evan Starly | I7: =COUNTIF(D7:H7,1) | J7: =IFERROR(I7/$L$3,"")
A8: 2nd | B8: Evana Mathew | I8: =COUNTIF(D8:H8,1) | J8: =IFERROR(I8/$L$3,"")
A9: 4th | B9: Eileen Mary Joe | I9: =COUNTIF(D9:H9,1) | J9: =IFERROR(I9/$L$3,"")
A10: 4th | B10: Riyana Rince | I10: =COUNTIF(D10:H10,1) | J10: =IFERROR(I10/$L$3,"")
A11: 5th | B11: Aaron Renju George | I11: =COUNTIF(D11:H11,1) | J11: =IFERROR(I11/$L$3,"")
A12: 5th | B12: Ezekiel Abraham | I12: =COUNTIF(D12:H12,1) | J12: =IFERROR(I12/$L$3,"")
A13: 6th | B13: Andrea George | I13: =COUNTIF(D13:H13,1) | J13: =IFERROR(I13/$L$3,"")
A14: 6th | B14: Sarah Mathew | I14: =COUNTIF(D14:H14,1) | J14: =IFERROR(I14/$L$3,"")
A15: 7th | B15: Benjamin Shino | I15: =COUNTIF(D15:H15,1) | J15: =IFERROR(I15/$L$3,"")
A16: 7th | B16: Ethaniel Abraham | I16: =COUNTIF(D16:H16,1) | J16: =IFERROR(I16/$L$3,"")
... A27: 12th | B27: Jason Vijay | I27: =COUNTIF(D27:H27,1) | J27: =IFERROR(I27/$L$3,"")
B28: Total Present | D28: =IF(D$4="","",SUM(D5:D27)) | E28: =IF(E$4="","",SUM(E5:E27)) | F28: =IF(F$4="","",SUM(F5:F27)) | G28: =IF(G$4="","",SUM(G5:G27)) | H28: =IF(H$4="","",SUM(H5:H27))

Sheet November 2026
A1: Attendance Sheet for November - 2026
B3: Month: | C3: November 2026 | K3: Sundays: | L3: 5
A4: Grade | B4: Student Name | D4: Sun, Nov 1 | E4: Sun, Nov 8 | F4: Sun, Nov 15 | G4: Sun, Nov 22 | H4: Sun, Nov 29 | I4: Present Count | J4: % Present
A5: 1st | B5: Ethan Renju George | I5: =COUNTIF(D5:H5,1) | J5: =IFERROR(I5/$L$3,"")
A6: 1st | B6: Gia Ane Tom | I6: =COUNTIF(D6:H6,1) | J6: =IFERROR(I6/$L$3,"")
A7: 2nd | B7: Evan Starly | I7: =COUNTIF(D7:H7,1) | J7: =IFERROR(I7/$L$3,"")
A8: 2nd | B8: Evana Mathew | I8: =COUNTIF(D8:H8,1) | J8: =IFERROR(I8/$L$3,"")
A9: 4th | B9: Eileen Mary Joe | I9: =COUNTIF(D9:H9,1) | J9: =IFERROR(I9/$L$3,"")
A10: 4th | B10: Riyana Rince | I10: =COUNTIF(D10:H10,1) | J10: =IFERROR(I10/$L$3,"")
A11: 5th | B11: Aaron Renju George | I11: =COUNTIF(D11:H11,1) | J11: =IFERROR(I11/$L$3,"")
A12: 5th | B12: Ezekiel Abraham | I12: =COUNTIF(D12:H12,1) | J12: =IFERROR(I12/$L$3,"")
A13: 6th | B13: Andrea George | I13: =COUNTIF(D13:H13,1) | J13: =IFERROR(I13/$L$3,"")
A14: 6th | B14: Sarah Mathew | I14: =COUNTIF(D14:H14,1) | J14: =IFERROR(I14/$L$3,"")
A15: 7th | B15: Benjamin Shino | I15: =COUNTIF(D15:H15,1) | J15: =IFERROR(I15/$L$3,"")
A16: 7th | B16: Ethaniel Abraham | I16: =COUNTIF(D16:H16,1) | J16: =IFERROR(I16/$L$3,"")
... A27: 12th | B27: Jason Vijay | I27: =COUNTIF(D27:H27,1) | J27: =IFERROR(I27/$L$3,"")
B28: Total Present | D28: =IF(D$4="","",SUM(D5:D27)) | E28: =IF(E$4="","",SUM(E5:E27)) | F28: =IF(F$4="","",SUM(F5:F27)) | G28: =IF(G$4="","",SUM(G5:G27)) | H28: =IF(H$4="","",SUM(H5:H27))

Sheet December 2026
A1: Attendance Sheet for December - 2026
B3: Month: | C3: December 2026 | K3: Sundays: | L3: 4
A4: Grade | B4: Student Name | D4: Sun, Dec 6 | E4: Sun, Dec 13 | F4: Sun, Dec 20 | G4: Sun, Dec 27 | I4: Present Count | J4: % Present
A5: 1st | B5: Ethan Renju George | I5: =COUNTIF(D5:H5,1) | J5: =IFERROR(I5/$L$3,"")
A6: 1st | B6: Gia Ane Tom | I6: =COUNTIF(D6:H6,1) | J6: =IFERROR(I6/$L$3,"")
A7: 2nd | B7: Evan Starly | I7: =COUNTIF(D7:H7,1) | J7: =IFERROR(I7/$L$3,"")
A8: 2nd | B8: Evana Mathew | I8: =COUNTIF(D8:H8,1) | J8: =IFERROR(I8/$L$3,"")
A9: 4th | B9: Eileen Mary Joe | I9: =COUNTIF(D9:H9,1) | J9: =IFERROR(I9/$L$3,"")
A10: 4th | B10: Riyana Rince | I10: =COUNTIF(D10:H10,1) | J10: =IFERROR(I10/$L$3,"")
A11: 5th | B11: Aaron Renju George | I11: =COUNTIF(D11:H11,1) | J11: =IFERROR(I11/$L$3,"")
A12: 5th | B12: Ezekiel Abraham | I12: =COUNTIF(D12:H12,1) | J12: =IFERROR(I12/$L$3,"")
A13: 6th | B13: Andrea George | I13: =COUNTIF(D13:H13,1) | J13: =IFERROR(I13/$L$3,"")
A14: 6th | B14: Sarah Mathew | I14: =COUNTIF(D14:H14,1) | J14: =IFERROR(I14/$L$3,"")
A15: 7th | B15: Benjamin Shino | I15: =COUNTIF(D15:H15,1) | J15: =IFERROR(I15/$L$3,"")
A16: 7th | B16: Ethaniel Abraham | I16: =COUNTIF(D16:H16,1) | J16: =IFERROR(I16/$L$3,"")
... A27: 12th | B27: Jason Vijay | I27: =COUNTIF(D27:H27,1) | J27: =IFERROR(I27/$L$3,"")
B28: Total Present | D28: =IF(D$4="","",SUM(D5:D27)) | E28: =IF(E$4="","",SUM(E5:E27)) | F28: =IF(F$4="","",SUM(F5:F27)) | G28: =IF(G$4="","",SUM(G5:G27)) | H28: =IF(H$4="","",SUM(H5:H27))

Sheet January 2027
A1: Attendance Sheet for January - 2027
B3: Month: | C3: January 2027 | K3: Sundays: | L3: 5
A4: Grade | B4: Student Name | D4: Sun, Jan 3 | E4: Sun, Jan 10 | F4: Sun, Jan 17 | G4: Sun, Jan 24 | H4: Sun, Jan 31 | I4: Present Count | J4: % Present
A5: 1st | B5: Ethan Renju George | I5: =COUNTIF(D5:H5,1) | J5: =IFERROR(I5/$L$3,"")
A6: 1st | B6: Gia Ane Tom | I6: =COUNTIF(D6:H6,1) | J6: =IFERROR(I6/$L$3,"")
A7: 2nd | B7: Evan Starly | I7: =COUNTIF(D7:H7,1) | J7: =IFERROR(I7/$L$3,"")
A8: 2nd | B8: Evana Mathew | I8: =COUNTIF(D8:H8,1) | J8: =IFERROR(I8/$L$3,"")
A9: 4th | B9: Eileen Mary Joe | I9: =COUNTIF(D9:H9,1) | J9: =IFERROR(I9/$L$3,"")
A10: 4th | B10: Riyana Rince | I10: =COUNTIF(D10:H10,1) | J10: =IFERROR(I10/$L$3,"")
A11: 5th | B11: Aaron Renju George | I11: =COUNTIF(D11:H11,1) | J11: =IFERROR(I11/$L$3,"")
A12: 5th | B12: Ezekiel Abraham | I12: =COUNTIF(D12:H12,1) | J12: =IFERROR(I12/$L$3,"")
A13: 6th | B13: Andrea George | I13: =COUNTIF(D13:H13,1) | J13: =IFERROR(I13/$L$3,"")
A14: 6th | B14: Sarah Mathew | I14: =COUNTIF(D14:H14,1) | J14: =IFERROR(I14/$L$3,"")
A15: 7th | B15: Benjamin Shino | I15: =COUNTIF(D15:H15,1) | J15: =IFERROR(I15/$L$3,"")
A16: 7th | B16: Ethaniel Abraham | I16: =COUNTIF(D16:H16,1) | J16: =IFERROR(I16/$L$3,"")
... A27: 12th | B27: Jason Vijay | I27: =COUNTIF(D27:H27,1) | J27: =IFERROR(I27/$L$3,"")
B28: Total Present | D28: =IF(D$4="","",SUM(D5:D27)) | E28: =IF(E$4="","",SUM(E5:E27)) | F28: =IF(F$4="","",SUM(F5:F27)) | G28: =IF(G$4="","",SUM(G5:G27)) | H28: =IF(H$4="","",SUM(H5:H27))

Sheet February 2027
A1: Attendance Sheet for February - 2027
B3: Month: | C3: February 2027 | K3: Sundays: | L3: 4
A4: Grade | B4: Student Name | D4: Sun, Feb 7 | E4: Sun, Feb 14 | F4: Sun, Feb 21 | G4: Sun, Feb 28 | I4: Present Count | J4: % Present
A5: 1st | B5: Ethan Renju George | I5: =COUNTIF(D5:H5,1) | J5: =IFERROR(I5/$L$3,"")
A6: 1st | B6: Gia Ane Tom | I6: =COUNTIF(D6:H6,1) | J6: =IFERROR(I6/$L$3,"")
A7: 2nd | B7: Evan Starly | I7: =COUNTIF(D7:H7,1) | J7: =IFERROR(I7/$L$3,"")
A8: 2nd | B8: Evana Mathew | I8: =COUNTIF(D8:H8,1) | J8: =IFERROR(I8/$L$3,"")
A9: 4th | B9: Eileen Mary Joe | I9: =COUNTIF(D9:H9,1) | J9: =IFERROR(I9/$L$3,"")
A10: 4th | B10: Riyana Rince | I10: =COUNTIF(D10:H10,1) | J10: =IFERROR(I10/$L$3,"")
A11: 5th | B11: Aaron Renju George | I11: =COUNTIF(D11:H11,1) | J11: =IFERROR(I11/$L$3,"")
A12: 5th | B12: Ezekiel Abraham | I12: =COUNTIF(D12:H12,1) | J12: =IFERROR(I12/$L$3,"")
A13: 6th | B13: Andrea George | I13: =COUNTIF(D13:H13,1) | J13: =IFERROR(I13/$L$3,"")
A14: 6th | B14: Sarah Mathew | I14: =COUNTIF(D14:H14,1) | J14: =IFERROR(I14/$L$3,"")
A15: 7th | B15: Benjamin Shino | I15: =COUNTIF(D15:H15,1) | J15: =IFERROR(I15/$L$3,"")
A16: 7th | B16: Ethaniel Abraham | I16: =COUNTIF(D16:H16,1) | J16: =IFERROR(I16/$L$3,"")
... A27: 12th | B27: Jason Vijay | I27: =COUNTIF(D27:H27,1) | J27: =IFERROR(I27/$L$3,"")
B28: Total Present | D28: =IF(D$4="","",SUM(D5:D27)) | E28: =IF(E$4="","",SUM(E5:E27)) | F28: =IF(F$4="","",SUM(F5:F27)) | G28: =IF(G$4="","",SUM(G5:G27)) | H28: =IF(H$4="","",SUM(H5:H27))

Sheet March 2027
A1: Attendance Sheet for March - 2027
B3: Month: | C3: March 2027 | K3: Sundays: | L3: 4
A4: Grade | B4: Student Name | D4: Sun, Mar 7 | E4: Sun, Mar 14 | F4: Sun, Mar 21 | G4: Sun, Mar 28 | I4: Present Count | J4: % Present
A5: 1st | B5: Ethan Renju George | I5: =COUNTIF(D5:H5,1) | J5: =IFERROR(I5/$L$3,"")
A6: 1st | B6: Gia Ane Tom | I6: =COUNTIF(D6:H6,1) | J6: =IFERROR(I6/$L$3,"")
A7: 2nd | B7: Evan Starly | I7: =COUNTIF(D7:H7,1) | J7: =IFERROR(I7/$L$3,"")
A8: 2nd | B8: Evana Mathew | I8: =COUNTIF(D8:H8,1) | J8: =IFERROR(I8/$L$3,"")
A9: 4th | B9: Eileen Mary Joe | I9: =COUNTIF(D9:H9,1) | J9: =IFERROR(I9/$L$3,"")
A10: 4th | B10: Riyana Rince | I10: =COUNTIF(D10:H10,1) | J10: =IFERROR(I10/$L$3,"")
A11: 5th | B11: Aaron Renju George | I11: =COUNTIF(D11:H11,1) | J11: =IFERROR(I11/$L$3,"")
A12: 5th | B12: Ezekiel Abraham | I12: =COUNTIF(D12:H12,1) | J12: =IFERROR(I12/$L$3,"")
A13: 6th | B13: Andrea George | I13: =COUNTIF(D13:H13,1) | J13: =IFERROR(I13/$L$3,"")
A14: 6th | B14: Sarah Mathew | I14: =COUNTIF(D14:H14,1) | J14: =IFERROR(I14/$L$3,"")
A15: 7th | B15: Benjamin Shino | I15: =COUNTIF(D15:H15,1) | J15: =IFERROR(I15/$L$3,"")
A16: 7th | B16: Ethaniel Abraham | I16: =COUNTIF(D16:H16,1) | J16: =IFERROR(I16/$L$3,"")
... A27: 12th | B27: Jason Vijay | I27: =COUNTIF(D27:H27,1) | J27: =IFERROR(I27/$L$3,"")
B28: Total Present | D28: =IF(D$4="","",SUM(D5:D27)) | E28: =IF(E$4="","",SUM(E5:E27)) | F28: =IF(F$4="","",SUM(F5:F27)) | G28: =IF(G$4="","",SUM(G5:G27)) | H28: =IF(H$4="","",SUM(H5:H27))

Sheet April 2027
A1: Attendance Sheet for April - 2027
B3: Month: | C3: April 2027 | K3: Sundays: | L3: 4
A4: Grade | B4: Student Name | D4: Sun, Apr 4 | E4: Sun, Apr 11 | F4: Sun, Apr 18 | G4: Sun, Apr 25 | I4: Present Count | J4: % Present
A5: 1st | B5: Ethan Renju George | I5: =COUNTIF(D5:H5,1) | J5: =IFERROR(I5/$L$3,"")
A6: 1st | B6: Gia Ane Tom | I6: =COUNTIF(D6:H6,1) | J6: =IFERROR(I6/$L$3,"")
A7: 2nd | B7: Evan Starly | I7: =COUNTIF(D7:H7,1) | J7: =IFERROR(I7/$L$3,"")
A8: 2nd | B8: Evana Mathew | I8: =COUNTIF(D8:H8,1) | J8: =IFERROR(I8/$L$3,"")
A9: 4th | B9: Eileen Mary Joe | I9: =COUNTIF(D9:H9,1) | J9: =IFERROR(I9/$L$3,"")
A10: 4th | B10: Riyana Rince | I10: =COUNTIF(D10:H10,1) | J10: =IFERROR(I10/$L$3,"")
A11: 5th | B11: Aaron Renju George | I11: =COUNTIF(D11:H11,1) | J11: =IFERROR(I11/$L$3,"")
A12: 5th | B12: Ezekiel Abraham | I12: =COUNTIF(D12:H12,1) | J12: =IFERROR(I12/$L$3,"")
A13: 6th | B13: Andrea George | I13: =COUNTIF(D13:H13,1) | J13: =IFERROR(I13/$L$3,"")
A14: 6th | B14: Sarah Mathew | I14: =COUNTIF(D14:H14,1) | J14: =IFERROR(I14/$L$3,"")
A15: 7th | B15: Benjamin Shino | I15: =COUNTIF(D15:H15,1) | J15: =IFERROR(I15/$L$3,"")
A16: 7th | B16: Ethaniel Abraham | I16: =COUNTIF(D16:H16,1) | J16: =IFERROR(I16/$L$3,"")
... A27: 12th | B27: Jason Vijay | I27: =COUNTIF(D27:H27,1) | J27: =IFERROR(I27/$L$3,"")
B28: Total Present | D28: =IF(D$4="","",SUM(D5:D27)) | E28: =IF(E$4="","",SUM(E5:E27)) | F28: =IF(F$4="","",SUM(F5:F27)) | G28: =IF(G$4="","",SUM(G5:G27)) | H28: =IF(H$4="","",SUM(H5:H27))

Sheet May 2027
A1: Attendance Sheet for May - 2027
B3: Month: | C3: May 2027 | K3: Sundays: | L3: 5
A4: Grade | B4: Student Name | D4: Sun, May 2 | E4: Sun, May 9 | F4: Sun, May 16 | G4: Sun, May 23 | H4: Sun, May 30 | I4: Present Count | J4: % Present
A5: 1st | B5: Ethan Renju George | I5: =COUNTIF(D5:H5,1) | J5: =IFERROR(I5/$L$3,"")
A6: 1st | B6: Gia Ane Tom | I6: =COUNTIF(D6:H6,1) | J6: =IFERROR(I6/$L$3,"")
A7: 2nd | B7: Evan Starly | I7: =COUNTIF(D7:H7,1) | J7: =IFERROR(I7/$L$3,"")
A8: 2nd | B8: Evana Mathew | I8: =COUNTIF(D8:H8,1) | J8: =IFERROR(I8/$L$3,"")
A9: 4th | B9: Eileen Mary Joe | I9: =COUNTIF(D9:H9,1) | J9: =IFERROR(I9/$L$3,"")
A10: 4th | B10: Riyana Rince | I10: =COUNTIF(D10:H10,1) | J10: =IFERROR(I10/$L$3,"")
A11: 5th | B11: Aaron Renju George | I11: =COUNTIF(D11:H11,1) | J11: =IFERROR(I11/$L$3,"")
A12: 5th | B12: Ezekiel Abraham | I12: =COUNTIF(D12:H12,1) | J12: =IFERROR(I12/$L$3,"")
A13: 6th | B13: Andrea George | I13: =COUNTIF(D13:H13,1) | J13: =IFERROR(I13/$L$3,"")
A14: 6th | B14: Sarah Mathew | I14: =COUNTIF(D14:H14,1) | J14: =IFERROR(I14/$L$3,"")
A15: 7th | B15: Benjamin Shino | I15: =COUNTIF(D15:H15,1) | J15: =IFERROR(I15/$L$3,"")
A16: 7th | B16: Ethaniel Abraham | I16: =COUNTIF(D16:H16,1) | J16: =IFERROR(I16/$L$3,"")
... A27: 12th | B27: Jason Vijay | I27: =COUNTIF(D27:H27,1) | J27: =IFERROR(I27/$L$3,"")
B28: Total Present | D28: =IF(D$4="","",SUM(D5:D27)) | E28: =IF(E$4="","",SUM(E5:E27)) | F28: =IF(F$4="","",SUM(F5:F27)) | G28: =IF(G$4="","",SUM(G5:G27)) | H28: =IF(H$4="","",SUM(H5:H27))

Sheet June 2027
A1: Attendance Sheet for June - 2027
B3: Month: | C3: June 2027 | K3: Sundays: | L3: 4
A4: Grade | B4: Student Name | D4: Sun, Jun 6 | E4: Sun, Jun 13 | F4: Sun, Jun 20 | G4: Sun, Jun 27 | I4: Present Count | J4: % Present
A5: 1st | B5: Ethan Renju George | I5: =COUNTIF(D5:H5,1) | J5: =IFERROR(I5/$L$3,"")
A6: 1st | B6: Gia Ane Tom | I6: =COUNTIF(D6:H6,1) | J6: =IFERROR(I6/$L$3,"")
A7: 2nd | B7: Evan Starly | I7: =COUNTIF(D7:H7,1) | J7: =IFERROR(I7/$L$3,"")
A8: 2nd | B8: Evana Mathew | I8: =COUNTIF(D8:H8,1) | J8: =IFERROR(I8/$L$3,"")
A9: 4th | B9: Eileen Mary Joe | I9: =COUNTIF(D9:H9,1) | J9: =IFERROR(I9/$L$3,"")
A10: 4th | B10: Riyana Rince | I10: =COUNTIF(D10:H10,1) | J10: =IFERROR(I10/$L$3,"")
A11: 5th | B11: Aaron Renju George | I11: =COUNTIF(D11:H11,1) | J11: =IFERROR(I11/$L$3,"")
A12: 5th | B12: Ezekiel Abraham | I12: =COUNTIF(D12:H12,1) | J12: =IFERROR(I12/$L$3,"")
A13: 6th | B13: Andrea George | I13: =COUNTIF(D13:H13,1) | J13: =IFERROR(I13/$L$3,"")
A14: 6th | B14: Sarah Mathew | I14: =COUNTIF(D14:H14,1) | J14: =IFERROR(I14/$L$3,"")
A15: 7th | B15: Benjamin Shino | I15: =COUNTIF(D15:H15,1) | J15: =IFERROR(I15/$L$3,"")
A16: 7th | B16: Ethaniel Abraham | I16: =COUNTIF(D16:H16,1) | J16: =IFERROR(I16/$L$3,"")
... A27: 12th | B27: Jason Vijay | I27: =COUNTIF(D27:H27,1) | J27: =IFERROR(I27/$L$3,"")
B28: Total Present | D28: =IF(D$4="","",SUM(D5:D27)) | E28: =IF(E$4="","",SUM(E5:E27)) | F28: =IF(F$4="","",SUM(F5:F27)) | G28: =IF(G$4="","",SUM(G5:G27)) | H28: =IF(H$4="","",SUM(H5:H27))

Sheet July 2027
A1: Attendance Sheet for July - 2027
B3: Month: | C3: July 2027 | K3: Sundays: | L3: 4
A4: Grade | B4: Student Name | D4: Sun, Jul 4 | E4: Sun, Jul 11 | F4: Sun, Jul 18 | G4: Sun, Jul 25 | I4: Present Count | J4: % Present
A5: 1st | B5: Ethan Renju George | I5: =COUNTIF(D5:H5,1) | J5: =IFERROR(I5/$L$3,"")
A6: 1st | B6: Gia Ane Tom | I6: =COUNTIF(D6:H6,1) | J6: =IFERROR(I6/$L$3,"")
A7: 2nd | B7: Evan Starly | I7: =COUNTIF(D7:H7,1) | J7: =IFERROR(I7/$L$3,"")
A8: 2nd | B8: Evana Mathew | I8: =COUNTIF(D8:H8,1) | J8: =IFERROR(I8/$L$3,"")
A9: 4th | B9: Eileen Mary Joe | I9: =COUNTIF(D9:H9,1) | J9: =IFERROR(I9/$L$3,"")
A10: 4th | B10: Riyana Rince | I10: =COUNTIF(D10:H10,1) | J10: =IFERROR(I10/$L$3,"")
A11: 5th | B11: Aaron Renju George | I11: =COUNTIF(D11:H11,1) | J11: =IFERROR(I11/$L$3,"")
A12: 5th | B12: Ezekiel Abraham | I12: =COUNTIF(D12:H12,1) | J12: =IFERROR(I12/$L$3,"")
A13: 6th | B13: Andrea George | I13: =COUNTIF(D13:H13,1) | J13: =IFERROR(I13/$L$3,"")
A14: 6th | B14: Sarah Mathew | I14: =COUNTIF(D14:H14,1) | J14: =IFERROR(I14/$L$3,"")
A15: 7th | B15: Benjamin Shino | I15: =COUNTIF(D15:H15,1) | J15: =IFERROR(I15/$L$3,"")
A16: 7th | B16: Ethaniel Abraham | I16: =COUNTIF(D16:H16,1) | J16: =IFERROR(I16/$L$3,"")
... A27: 12th | B27: Jason Vijay | I27: =COUNTIF(D27:H27,1) | J27: =IFERROR(I27/$L$3,"")
B28: Total Present | D28: =IF(D$4="","",SUM(D5:D27)) | E28: =IF(E$4="","",SUM(E5:E27)) | F28: =IF(F$4="","",SUM(F5:F27)) | G28: =IF(G$4="","",SUM(G5:G27)) | H28: =IF(H$4="","",SUM(H5:H27))

Sheet Month-Year List
A1: Month Tabs
A2: August 2026
A3: September 2026
A4: October 2026
A5: November 2026
A6: December 2026
A7: January 2027
A8: February 2027
A9: March 2027
A10: April 2027
A11: May 2027
A12: June 2027
A13: July 2027
