Workbook

Sheet Attendance Sheet
A1: ="Attendance Sheet for "&G3&" - "&O3&"" -> Attendance Sheet for November - 2025
B3: =HYPERLINK("#'"&$G$3&"'!A1","Go to selected month →") -> Go to selected month → | C3: =DATE(2025, MATCH($G$3, 'Month-Year List'!$A$2:$A$13, 0), 1)+ MOD(1 - WEEKDAY(DATE(2025, MATCH($G$3, 'Month-Year List'!$A$2:$A$13, 0), 1), 1), 7) -> 45963 | D3: Month | G3: November | O3: 2025
A4: Grade | B4: Student Name | D4: =LET( mo, MATCH($G$3,'Month-Year List'!$A$2:$A$13,0), first, $C$3, dt, first + 7*(COLUMNS($D4:D4)-1), IF(MONTH(dt)=mo, TEXT(dt,"ddd, mmm d"), "")) -> Sun, Nov 2 | E4: =LET( mo, MATCH($G$3,'Month-Year List'!$A$2:$A$13,0), first, $C$3, dt, first + 7*(COLUMNS($D4:E4)-1), IF(MONTH(dt)=mo, TEXT(dt,"ddd, mmm d"), "")) -> Sun, Nov 9 | F4: =LET( mo, MATCH($G$3,'Month-Year List'!$A$2:$A$13,0), first, $C$3, dt, first + 7*(COLUMNS($D4:F4)-1), IF(MONTH(dt)=mo, TEXT(dt,"ddd, mmm d"), "")) -> Sun, Nov 16 | G4: =LET( mo, MATCH($G$3,'Month-Year List'!$A$2:$A$13,0), first, $C$3, dt, first + 7*(COLUMNS($D4:G4)-1), IF(MONTH(dt)=mo, TEXT(dt,"ddd, mmm d"), "")) -> Sun, Nov 23 | H4: =LET( mo, MATCH($G$3,'Month-Year List'!$A$2:$A$13,0), first, $C$3, dt, first + 7*(COLUMNS($D4:H4)-1), IF(MONTH(dt)=mo, TEXT(dt,"ddd, mmm d"), "")) -> Sun, Nov 30 | I4: Present Count
A5: KG | B5: Ethan Renju | E5: =INDIRECT("'" & $G$3 & "'!" & ADDRESS(ROW(), COLUMN(), 4)) -> 1 | F5: =INDIRECT("'" & $G$3 & "'!" & ADDRESS(ROW(), COLUMN(), 4)) -> 1 | G5: =INDIRECT("'" & $G$3 & "'!" & ADDRESS(ROW(), COLUMN(), 4)) | H5: =INDIRECT("'" & $G$3 & "'!" & ADDRESS(ROW(), COLUMN(), 4)) | I5: =COUNTIF(D5:H5,1) -> 2
A6: KG | B6: Gia A. Tom | E6: =INDIRECT("'" & $G$3 & "'!" & ADDRESS(ROW(), COLUMN(), 4)) -> 1 | F6: =INDIRECT("'" & $G$3 & "'!" & ADDRESS(ROW(), COLUMN(), 4)) -> 1 | G6: =INDIRECT("'" & $G$3 & "'!" & ADDRESS(ROW(), COLUMN(), 4)) | H6: =INDIRECT("'" & $G$3 & "'!" & ADDRESS(ROW(), COLUMN(), 4)) | I6: =COUNTIF(D6:H6,1) -> 2
A7: 1st | B7: Evan Starly | D7: 1 | E7: =INDIRECT("'" & $G$3 & "'!" & ADDRESS(ROW(), COLUMN(), 4)) -> 1 | F7: =INDIRECT("'" & $G$3 & "'!" & ADDRESS(ROW(), COLUMN(), 4)) -> 1 | G7: =INDIRECT("'" & $G$3 & "'!" & ADDRESS(ROW(), COLUMN(), 4)) -> 1 | H7: =INDIRECT("'" & $G$3 & "'!" & ADDRESS(ROW(), COLUMN(), 4)) -> 1 | I7: =COUNTIF(D7:H7,1) -> 5
A8: 1st | B8: Evana Mathew | D8: =INDIRECT("'" & $G$3 & "'!" & ADDRESS(ROW(), COLUMN(), 4)) -> 1 | E8: =INDIRECT("'" & $G$3 & "'!" & ADDRESS(ROW(), COLUMN(), 4)) -> 1 | G8: {=INDIRECT("'" & $G$3 & "'!" & ADDRESS(ROW(), COLUMN(), 4))} -> 1 | H8: 0 | I8: =COUNTIF(D8:H8,1) -> 3
A9: 3rd | B9: Eileen M. Joe | D9: 0 | E9: 1 | F9: 0 | G9: 1 | H9: 0 | I9: =COUNTIF(D9:H9,1) -> 2
A10: 3rd | B10: Riyana Rince | D10: 1 | E10: 0 | F10: 0 | G10: 0 | H10: 0 | I10: =COUNTIF(D10:H10,1) -> 1
A11: 4th | B11: Aaron Renju | I11: =COUNTIF(D11:H11,1) -> 0
A12: 4th | B12: Ezekiel A. | D12: 1 | E12: 1 | F12: 1 | G12: 1 | I12: =COUNTIF(D12:H12,1) -> 4
A13: 5th | B13: Andrea George | E13: =INDIRECT("'" & $G$3 & "'!" & ADDRESS(ROW(), COLUMN(), 4)) -> 1 | F13: =INDIRECT("'" & $G$3 & "'!" & ADDRESS(ROW(), COLUMN(), 4)) -> 1 | G13: =INDIRECT("'" & $G$3 & "'!" & ADDRESS(ROW(), COLUMN(), 4)) | I13: =COUNTIF(D13:H13,1) -> 2
A14: 5th | B14: Sarah Mathew | D14: =INDIRECT("'" & $G$3 & "'!" & ADDRESS(ROW(), COLUMN(), 4)) | E14: =INDIRECT("'" & $G$3 & "'!" & ADDRESS(ROW(), COLUMN(), 4)) -> 1 | F14: =INDIRECT("'" & $G$3 & "'!" & ADDRESS(ROW(), COLUMN(), 4)) -> 1 | G14: =INDIRECT("'" & $G$3 & "'!" & ADDRESS(ROW(), COLUMN(), 4)) | H14: 1 | I14: =COUNTIF(D14:H14,1) -> 3
A15: 6th | B15: Benjamin Shino | D15: =INDIRECT("'" & $G$3 & "'!" & ADDRESS(ROW(), COLUMN(), 4)) | E15: =INDIRECT("'" & $G$3 & "'!" & ADDRESS(ROW(), COLUMN(), 4)) -> 1 | F15: =INDIRECT("'" & $G$3 & "'!" & ADDRESS(ROW(), COLUMN(), 4)) -> 1 | G15: =INDIRECT("'" & $G$3 & "'!" & ADDRESS(ROW(), COLUMN(), 4)) | H15: 1 | I15: =COUNTIF(D15:H15,1) -> 3
A16: 6th | B16: Ethaniel A. | D16: =INDIRECT("'" & $G$3 & "'!" & ADDRESS(ROW(), COLUMN(), 4)) -> 1 | E16: =INDIRECT("'" & $G$3 & "'!" & ADDRESS(ROW(), COLUMN(), 4)) -> 1 | F16: =INDIRECT("'" & $G$3 & "'!" & ADDRESS(ROW(), COLUMN(), 4)) -> 1 | G16: 1 | H16: {=INDIRECT("'" & $G$3 & "'!" & ADDRESS(ROW(), COLUMN(), 4))} | I16: =COUNTIF(D16:H16,1) -> 4
A17: 6th | B17: Joannah Vijay | D17: =INDIRECT("'" & $G$3 & "'!" & ADDRESS(ROW(), COLUMN(), 4)) -> 1 | E17: =INDIRECT("'" & $G$3 & "'!" & ADDRESS(ROW(), COLUMN(), 4)) -> 1 | F17: =INDIRECT("'" & $G$3 & "'!" & ADDRESS(ROW(), COLUMN(), 4)) -> 1 | G17: =INDIRECT("'" & $G$3 & "'!" & ADDRESS(ROW(), COLUMN(), 4)) | H17: =INDIRECT("'" & $G$3 & "'!" & ADDRESS(ROW(), COLUMN(), 4)) | I17: =COUNTIF(D17:H17,1) -> 3
A18: 7th | B18: Daniel Jacob | D18: =INDIRECT("'" & $G$3 & "'!" & ADDRESS(ROW(), COLUMN(), 4)) -> 1 | E18: =INDIRECT("'" & $G$3 & "'!" & ADDRESS(ROW(), COLUMN(), 4)) -> 1 | F18: =INDIRECT("'" & $G$3 & "'!" & ADDRESS(ROW(), COLUMN(), 4)) -> 1 | G18: =INDIRECT("'" & $G$3 & "'!" & ADDRESS(ROW(), COLUMN(), 4)) | H18: =INDIRECT("'" & $G$3 & "'!" & ADDRESS(ROW(), COLUMN(), 4)) | I18: =COUNTIF(D18:H18,1) -> 3
A19: 7th | B19: Ethan Starley | D19: =INDIRECT("'" & $G$3 & "'!" & ADDRESS(ROW(), COLUMN(), 4)) -> 1 | E19: =INDIRECT("'" & $G$3 & "'!" & ADDRESS(ROW(), COLUMN(), 4)) -> 0 | F19: =INDIRECT("'" & $G$3 & "'!" & ADDRESS(ROW(), COLUMN(), 4)) -> 1 | G19: =INDIRECT("'" & $G$3 & "'!" & ADDRESS(ROW(), COLUMN(), 4)) | H19: =INDIRECT("'" & $G$3 & "'!" & ADDRESS(ROW(), COLUMN(), 4)) | I19: =COUNTIF(D19:H19,1) -> 2
A20: 8th | B20: Eliath A. | D20: =INDIRECT("'" & $G$3 & "'!" & ADDRESS(ROW(), COLUMN(), 4)) -> 1 | E20: =INDIRECT("'" & $G$3 & "'!" & ADDRESS(ROW(), COLUMN(), 4)) -> 1 | F20: =INDIRECT("'" & $G$3 & "'!" & ADDRESS(ROW(), COLUMN(), 4)) -> 1 | G20: 1 | H20: =INDIRECT("'" & $G$3 & "'!" & ADDRESS(ROW(), COLUMN(), 4)) | I20: =COUNTIF(D20:H20,1) -> 4
A21: 8th | B21: Hannah Philip | D21: =INDIRECT("'" & $G$3 & "'!" & ADDRESS(ROW(), COLUMN(), 4)) -> 1 | E21: =INDIRECT("'" & $G$3 & "'!" & ADDRESS(ROW(), COLUMN(), 4)) -> 1 | F21: =INDIRECT("'" & $G$3 & "'!" & ADDRESS(ROW(), COLUMN(), 4)) -> 1 | G21: 1 | H21: =INDIRECT("'" & $G$3 & "'!" & ADDRESS(ROW(), COLUMN(), 4)) | I21: =COUNTIF(D21:H21,1) -> 4
A22: 8th | B22: Hannah Rince | D22: =INDIRECT("'" & $G$3 & "'!" & ADDRESS(ROW(), COLUMN(), 4)) -> 1 | E22: =INDIRECT("'" & $G$3 & "'!" & ADDRESS(ROW(), COLUMN(), 4)) | F22: =INDIRECT("'" & $G$3 & "'!" & ADDRESS(ROW(), COLUMN(), 4)) -> 1 | G22: =INDIRECT("'" & $G$3 & "'!" & ADDRESS(ROW(), COLUMN(), 4)) | H22: =INDIRECT("'" & $G$3 & "'!" & ADDRESS(ROW(), COLUMN(), 4)) | I22: =COUNTIF(D22:H22,1) -> 2
A23: 9th | B23: Angel A. | D23: =INDIRECT("'" & $G$3 & "'!" & ADDRESS(ROW(), COLUMN(), 4)) -> 1 | E23: =INDIRECT("'" & $G$3 & "'!" & ADDRESS(ROW(), COLUMN(), 4)) -> 1 | F23: =INDIRECT("'" & $G$3 & "'!" & ADDRESS(ROW(), COLUMN(), 4)) -> 1 | G23: =INDIRECT("'" & $G$3 & "'!" & ADDRESS(ROW(), COLUMN(), 4)) -> 1 | H23: =INDIRECT("'" & $G$3 & "'!" & ADDRESS(ROW(), COLUMN(), 4)) | I23: =COUNTIF(D23:H23,1) -> 4
A24: 9th | B24: Eleora Joe | D24: =INDIRECT("'" & $G$3 & "'!" & ADDRESS(ROW(), COLUMN(), 4)) -> 1 | E24: =INDIRECT("'" & $G$3 & "'!" & ADDRESS(ROW(), COLUMN(), 4)) -> 1 | F24: =INDIRECT("'" & $G$3 & "'!" & ADDRESS(ROW(), COLUMN(), 4)) -> 1 | G24: =INDIRECT("'" & $G$3 & "'!" & ADDRESS(ROW(), COLUMN(), 4)) -> 1 | H24: =INDIRECT("'" & $G$3 & "'!" & ADDRESS(ROW(), COLUMN(), 4)) | I24: =COUNTIF(D24:H24,1) -> 4
A25: 10th | B25: Hannah V. | D25: =INDIRECT("'" & $G$3 & "'!" & ADDRESS(ROW(), COLUMN(), 4)) -> 1 | E25: =INDIRECT("'" & $G$3 & "'!" & ADDRESS(ROW(), COLUMN(), 4)) -> 1 | F25: =INDIRECT("'" & $G$3 & "'!" & ADDRESS(ROW(), COLUMN(), 4)) -> 1 | G25: =INDIRECT("'" & $G$3 & "'!" & ADDRESS(ROW(), COLUMN(), 4)) -> 1 | H25: =INDIRECT("'" & $G$3 & "'!" & ADDRESS(ROW(), COLUMN(), 4)) | I25: =COUNTIF(D25:H25,1) -> 4
A26: 11th | B26: Abel Jacob | D26: =INDIRECT("'" & $G$3 & "'!" & ADDRESS(ROW(), COLUMN(), 4)) -> 1 | E26: =INDIRECT("'" & $G$3 & "'!" & ADDRESS(ROW(), COLUMN(), 4)) -> 1 | F26: =INDIRECT("'" & $G$3 & "'!" & ADDRESS(ROW(), COLUMN(), 4)) -> 1 | G26: =INDIRECT("'" & $G$3 & "'!" & ADDRESS(ROW(), COLUMN(), 4)) | H26: =INDIRECT("'" & $G$3 & "'!" & ADDRESS(ROW(), COLUMN(), 4)) | I26: =COUNTIF(D26:H26,1) -> 3
A27: 11th | B27: Jason Vijay | D27: =INDIRECT("'" & $G$3 & "'!" & ADDRESS(ROW(), COLUMN(), 4)) -> 0 | E27: =INDIRECT("'" & $G$3 & "'!" & ADDRESS(ROW(), COLUMN(), 4)) -> 1 | F27: =INDIRECT("'" & $G$3 & "'!" & ADDRESS(ROW(), COLUMN(), 4)) -> 1 | G27: =INDIRECT("'" & $G$3 & "'!" & ADDRESS(ROW(), COLUMN(), 4)) | H27: =INDIRECT("'" & $G$3 & "'!" & ADDRESS(ROW(), COLUMN(), 4)) | I27: =COUNTIF(D27:H27,1) -> 2

Sheet January
A1: ="Attendance Sheet for "&G3&" - "&O3&"" -> Attendance Sheet for January - 2025
C3: =DATE(2025, MATCH($G$3, 'Month-Year List'!$A$2:$A$13, 0), 1)+ MOD(1 - WEEKDAY(DATE(2025, MATCH($G$3, 'Month-Year List'!$A$2:$A$13, 0), 1), 1), 7) -> 45662 | D3: Month | G3: January | O3: 2025
D4: =LET( mo, MATCH($G$3,'Month-Year List'!$A$2:$A$13,0), first, $C$3, dt, first + 7*(COLUMNS($D4:D4)-1), IF(MONTH(dt)=mo, TEXT(dt,"ddd, mmm d"), "")) -> Sun, Jan 5 | E4: =LET( mo, MATCH($G$3,'Month-Year List'!$A$2:$A$13,0), first, $C$3, dt, first + 7*(COLUMNS($D4:E4)-1), IF(MONTH(dt)=mo, TEXT(dt,"ddd, mmm d"), "")) -> Sun, Jan 12 | F4: =LET( mo, MATCH($G$3,'Month-Year List'!$A$2:$A$13,0), first, $C$3, dt, first + 7*(COLUMNS($D4:F4)-1), IF(MONTH(dt)=mo, TEXT(dt,"ddd, mmm d"), "")) -> Sun, Jan 19 | G4: =LET( mo, MATCH($G$3,'Month-Year List'!$A$2:$A$13,0), first, $C$3, dt, first + 7*(COLUMNS($D4:G4)-1), IF(MONTH(dt)=mo, TEXT(dt,"ddd, mmm d"), "")) -> Sun, Jan 26 | H4: =LET( mo, MATCH($G$3,'Month-Year List'!$A$2:$A$13,0), first, $C$3, dt, first + 7*(COLUMNS($D4:H4)-1), IF(MONTH(dt)=mo, TEXT(dt,"ddd, mmm d"), ""))
A5: Grade | B5: Student Name | I5: Present Count
A6: KG | B6: Ethan Renju | G6: 1 | I6: =COUNTIF(D6:H6,1) -> 1
A7: KG | B7: Gia A. Tom | F7: 1 | G7: 1 | I7: =COUNTIF(D7:H7,1) -> 2
A8: 1st | B8: Evan Starly | F8: 1 | G8: 1 | I8: =COUNTIF(D8:H8,1) -> 2
A9: 1st | B9: Evana Mathew | F9: 1 | I9: =COUNTIF(D9:H9,1) -> 1
A10: 3rd | B10: Eileen M. Joe | F10: 1 | G10: 1 | I10: =COUNTIF(D10:H10,1) -> 2
A11: 3rd | B11: Riyana Rince | F11: 1 | I11: =COUNTIF(D11:H11,1) -> 1
A12: 4th | B12: Aaron Renju | F12: 1 | G12: 1 | I12: =COUNTIF(D12:H12,1) -> 2
A13: 4th | B13: Ezekiel A. | G13: 1 | I13: =COUNTIF(D13:H13,1) -> 1
A14: 5th | B14: Andrea George | F14: 1 | G14: 1 | I14: =COUNTIF(D14:H14,1) -> 2
A15: 5th | B15: Sarah Mathew | F15: 1 | I15: =COUNTIF(D15:H15,1) -> 1
A16: 6th | B16: Benjamin Shino | I16: =COUNTIF(D16:H16,1) -> 0
A17: 6th | B17: Ethanial A. | G17: 1 | I17: =COUNTIF(D17:H17,1) -> 1
A18: 6th | B18: Joannah Vijay | G18: 1 | I18: =COUNTIF(D18:H18,1) -> 1
A19: 7th | B19: Daniel Jacob | F19: 1 | G19: 1 | I19: =COUNTIF(D19:H19,1) -> 2
A20: 7th | B20: Ethan Starley | F20: 1 | G20: 1 | I20: =COUNTIF(D20:H20,1) -> 2
A21: 8th | B21: Eliath A. | G21: 1 | I21: =COUNTIF(D21:H21,1) -> 1
A22: 8th | B22: Hannah Philip | F22: 1 | G22: 1 | I22: =COUNTIF(D22:H22,1) -> 2
A23: 8th | B23: Hannah Rince | F23: 1 | I23: =COUNTIF(D23:H23,1) -> 1
A24: 9th | B24: Angel A. | G24: 1 | I24: =COUNTIF(D24:H24,1) -> 1
A25: 9th | B25: Eleora Joe | F25: 1 | G25: 1 | I25: =COUNTIF(D25:H25,1) -> 2
A26: 10th | B26: Hannah V. | F26: 1 | G26: 1 | I26: =COUNTIF(D26:H26,1) -> 2
A27: 11th | B27: Abel Jacob | E27: 1 | F27: 1 | G27: 1 | I27: =COUNTIF(D27:H27,1) -> 3
A28: 11th | B28: Jason Vijay | E28: 0 | F28: 0 | G28: 1 | I28: =COUNTIF(D28:H28,1) -> 1

Sheet February
A1: ="Attendance Sheet for "&G3&" - "&O3&"" -> Attendance Sheet for February - 2025
C3: =DATE(2025, MATCH($G$3, 'Month-Year List'!$A$2:$A$13, 0), 1)+ MOD(1 - WEEKDAY(DATE(2025, MATCH($G$3, 'Month-Year List'!$A$2:$A$13, 0), 1), 1), 7) -> 45690 | D3: Month | G3: February | O3: 2025
D4: =LET( mo, MATCH($G$3,'Month-Year List'!$A$2:$A$13,0), first, $C$3, dt, first + 7*(COLUMNS($D4:D4)-1), IF(MONTH(dt)=mo, TEXT(dt,"ddd, mmm d"), "")) -> Sun, Feb 2 | E4: =LET( mo, MATCH($G$3,'Month-Year List'!$A$2:$A$13,0), first, $C$3, dt, first + 7*(COLUMNS($D4:E4)-1), IF(MONTH(dt)=mo, TEXT(dt,"ddd, mmm d"), "")) -> Sun, Feb 9 | F4: =LET( mo, MATCH($G$3,'Month-Year List'!$A$2:$A$13,0), first, $C$3, dt, first + 7*(COLUMNS($D4:F4)-1), IF(MONTH(dt)=mo, TEXT(dt,"ddd, mmm d"), "")) -> Sun, Feb 16 | G4: =LET( mo, MATCH($G$3,'Month-Year List'!$A$2:$A$13,0), first, $C$3, dt, first + 7*(COLUMNS($D4:G4)-1), IF(MONTH(dt)=mo, TEXT(dt,"ddd, mmm d"), "")) -> Sun, Feb 23 | H4: =LET( mo, MATCH($G$3,'Month-Year List'!$A$2:$A$13,0), first, $C$3, dt, first + 7*(COLUMNS($D4:H4)-1), IF(MONTH(dt)=mo, TEXT(dt,"ddd, mmm d"), ""))
A5: Grade | B5: Student Name | I5: Present Count
A6: KG | B6: Ethan Renju | I6: =COUNTIF(D6:H6,1) -> 0
A7: KG | B7: Gia A. Tom | I7: =COUNTIF(D7:H7,1) -> 0
A8: 1st | B8: Evan Starly | I8: =COUNTIF(D8:H8,1) -> 0
A9: 1st | B9: Evana Mathew | I9: =COUNTIF(D9:H9,1) -> 0
A10: 3rd | B10: Eileen M. Joe | I10: =COUNTIF(D10:H10,1) -> 0
A11: 3rd | B11: Riyana Rince | I11: =COUNTIF(D11:H11,1) -> 0
A12: 4th | B12: Aaron Renju | I12: =COUNTIF(D12:H12,1) -> 0
A13: 4th | B13: Ezekiel A. | D13: 1 | I13: =COUNTIF(D13:H13,1) -> 1
A14: 5th | B14: Andrea George | I14: =COUNTIF(D14:H14,1) -> 0
A15: 5th | B15: Sarah Mathew | I15: =COUNTIF(D15:H15,1) -> 0
A16: 6th | B16: Benjamin Shino | I16: =COUNTIF(D16:H16,1) -> 0
A17: 6th | B17: Ethanial A. | D17: 1 | I17: =COUNTIF(D17:H17,1) -> 1
A18: 6th | B18: Joannah Vijay | I18: =COUNTIF(D18:H18,1) -> 0
A19: 7th | B19: Daniel Jacob | D19: 1 | I19: =COUNTIF(D19:H19,1) -> 1
A20: 7th | B20: Ethan Starley | I20: =COUNTIF(D20:H20,1) -> 0
A21: 8th | B21: Eliath A. | D21: 1 | I21: =COUNTIF(D21:H21,1) -> 1
A22: 8th | B22: Hannah Philip | E22: 1 | I22: =COUNTIF(D22:H22,1) -> 1
A23: 8th | B23: Hannah Rince | I23: =COUNTIF(D23:H23,1) -> 0
A24: 9th | B24: Angel A. | D24: 1 | I24: =COUNTIF(D24:H24,1) -> 1
A25: 9th | B25: Eleora Joe | D25: 1 | I25: =COUNTIF(D25:H25,1) -> 1
A26: 10th | B26: Hannah V. | D26: 1 | I26: =COUNTIF(D26:H26,1) -> 1
A27: 11th | B27: Abel Jacob | D27: 1 | E27: 1 | F27: 1 | G27: 1 | I27: =COUNTIF(D27:H27,1) -> 4
A28: 11th | B28: Jason Vijay | D28: 0 | E28: 0 | F28: 0 | G28: 1 | I28: =COUNTIF(D28:H28,1) -> 1

Sheet March
A1: ="Attendance Sheet for "&G3&" - "&O3&"" -> Attendance Sheet for March - 2025
C3: =DATE(2025, MATCH($G$3, 'Month-Year List'!$A$2:$A$13, 0), 1)+ MOD(1 - WEEKDAY(DATE(2025, MATCH($G$3, 'Month-Year List'!$A$2:$A$13, 0), 1), 1), 7) -> 45718 | D3: Month | G3: March | O3: 2025
D4: =LET( mo, MATCH($G$3,'Month-Year List'!$A$2:$A$13,0), first, $C$3, dt, first + 7*(COLUMNS($D4:D4)-1), IF(MONTH(dt)=mo, TEXT(dt,"ddd, mmm d"), "")) -> Sun, Mar 2 | E4: =LET( mo, MATCH($G$3,'Month-Year List'!$A$2:$A$13,0), first, $C$3, dt, first + 7*(COLUMNS($D4:E4)-1), IF(MONTH(dt)=mo, TEXT(dt,"ddd, mmm d"), "")) -> Sun, Mar 9 | F4: =LET( mo, MATCH($G$3,'Month-Year List'!$A$2:$A$13,0), first, $C$3, dt, first + 7*(COLUMNS($D4:F4)-1), IF(MONTH(dt)=mo, TEXT(dt,"ddd, mmm d"), "")) -> Sun, Mar 16 | G4: =LET( mo, MATCH($G$3,'Month-Year List'!$A$2:$A$13,0), first, $C$3, dt, first + 7*(COLUMNS($D4:G4)-1), IF(MONTH(dt)=mo, TEXT(dt,"ddd, mmm d"), "")) -> Sun, Mar 23 | H4: =LET( mo, MATCH($G$3,'Month-Year List'!$A$2:$A$13,0), first, $C$3, dt, first + 7*(COLUMNS($D4:H4)-1), IF(MONTH(dt)=mo, TEXT(dt,"ddd, mmm d"), "")) -> Sun, Mar 30
A5: Grade | B5: Student Name | I5: Present Count
A6: KG | B6: Ethan Renju | I6: =COUNTIF(D6:H6,1) -> 0
A7: KG | B7: Gia A. Tom | I7: =COUNTIF(D7:H7,1) -> 0
A8: 1st | B8: Evan Starly | I8: =COUNTIF(D8:H8,1) -> 0
A9: 1st | B9: Evana Mathew | I9: =COUNTIF(D9:H9,1) -> 0
A10: 3rd | B10: Eileen M. Joe | I10: =COUNTIF(D10:H10,1) -> 0
A11: 3rd | B11: Riyana Rince | I11: =COUNTIF(D11:H11,1) -> 0
A12: 4th | B12: Aaron Renju | I12: =COUNTIF(D12:H12,1) -> 0
A13: 4th | B13: Ezekiel A. | I13: =COUNTIF(D13:H13,1) -> 0
A14: 5th | B14: Andrea George | I14: =COUNTIF(D14:H14,1) -> 0
A15: 5th | B15: Sarah Mathew | I15: =COUNTIF(D15:H15,1) -> 0
A16: 6th | B16: Benjamin Shino | I16: =COUNTIF(D16:H16,1) -> 0
A17: 6th | B17: Ethanial A. | I17: =COUNTIF(D17:H17,1) -> 0
... A26: 10th | B26: Hannah V. | I26: =COUNTIF(D26:H26,1) -> 0
A27: 11th | B27: Abel Jacob | E27: 1 | F27: 1 | G27: 1 | I27: =COUNTIF(D27:H27,1) -> 3
A28: 11th | B28: Jason Vijay | E28: 1 | F28: 0 | G28: 1 | I28: =COUNTIF(D28:H28,1) -> 2

Sheet April
A1: ="Attendance Sheet for "&G3&" - "&O3&"" -> Attendance Sheet for April - 2025
C3: =DATE(2025, MATCH($G$3, 'Month-Year List'!$A$2:$A$13, 0), 1)+ MOD(1 - WEEKDAY(DATE(2025, MATCH($G$3, 'Month-Year List'!$A$2:$A$13, 0), 1), 1), 7) -> 45753 | D3: Month | G3: April | O3: 2025
D4: =LET( mo, MATCH($G$3,'Month-Year List'!$A$2:$A$13,0), first, $C$3, dt, first + 7*(COLUMNS($D4:D4)-1), IF(MONTH(dt)=mo, TEXT(dt,"ddd, mmm d"), "")) -> Sun, Apr 6 | E4: =LET( mo, MATCH($G$3,'Month-Year List'!$A$2:$A$13,0), first, $C$3, dt, first + 7*(COLUMNS($D4:E4)-1), IF(MONTH(dt)=mo, TEXT(dt,"ddd, mmm d"), "")) -> Sun, Apr 13 | F4: =LET( mo, MATCH($G$3,'Month-Year List'!$A$2:$A$13,0), first, $C$3, dt, first + 7*(COLUMNS($D4:F4)-1), IF(MONTH(dt)=mo, TEXT(dt,"ddd, mmm d"), "")) -> Sun, Apr 20 | G4: =LET( mo, MATCH($G$3,'Month-Year List'!$A$2:$A$13,0), first, $C$3, dt, first + 7*(COLUMNS($D4:G4)-1), IF(MONTH(dt)=mo, TEXT(dt,"ddd, mmm d"), "")) -> Sun, Apr 27 | H4: =LET( mo, MATCH($G$3,'Month-Year List'!$A$2:$A$13,0), first, $C$3, dt, first + 7*(COLUMNS($D4:H4)-1), IF(MONTH(dt)=mo, TEXT(dt,"ddd, mmm d"), ""))
A5: Grade | B5: Student Name | I5: Present Count
A6: KG | B6: Ethan Renju | I6: =COUNTIF(D6:H6,1) -> 0
A7: KG | B7: Gia A. Tom | I7: =COUNTIF(D7:H7,1) -> 0
A8: 1st | B8: Evan Starly | I8: =COUNTIF(D8:H8,1) -> 0
A9: 1st | B9: Evana Mathew | I9: =COUNTIF(D9:H9,1) -> 0
A10: 3rd | B10: Eileen M. Joe | I10: =COUNTIF(D10:H10,1) -> 0
A11: 3rd | B11: Riyana Rince | I11: =COUNTIF(D11:H11,1) -> 0
A12: 4th | B12: Aaron Renju | I12: =COUNTIF(D12:H12,1) -> 0
A13: 4th | B13: Ezekiel A. | I13: =COUNTIF(D13:H13,1) -> 0
A14: 5th | B14: Andrea George | I14: =COUNTIF(D14:H14,1) -> 0
A15: 5th | B15: Sarah Mathew | I15: =COUNTIF(D15:H15,1) -> 0
A16: 6th | B16: Benjamin Shino | I16: =COUNTIF(D16:H16,1) -> 0
A17: 6th | B17: Ethanial A. | I17: =COUNTIF(D17:H17,1) -> 0
... A26: 10th | B26: Hannah V. | I26: =COUNTIF(D26:H26,1) -> 0
A27: 11th | B27: Abel Jacob | E27: 1 | F27: 1 | I27: =COUNTIF(D27:H27,1) -> 2
A28: 11th | B28: Jason Vijay | E28: 1 | F28: 0 | I28: =COUNTIF(D28:H28,1) -> 1

Sheet May
A1: ="Attendance Sheet for "&G3&" - "&O3&"" -> Attendance Sheet for May - 2025
C3: =DATE(2025, MATCH($G$3, 'Month-Year List'!$A$2:$A$13, 0), 1)+ MOD(1 - WEEKDAY(DATE(2025, MATCH($G$3, 'Month-Year List'!$A$2:$A$13, 0), 1), 1), 7) -> 45781 | D3: Month | G3: May | O3: 2025
D4: =LET( mo, MATCH($G$3,'Month-Year List'!$A$2:$A$13,0), first, $C$3, dt, first + 7*(COLUMNS($D4:D4)-1), IF(MONTH(dt)=mo, TEXT(dt,"ddd, mmm d"), "")) -> Sun, May 4 | E4: =LET( mo, MATCH($G$3,'Month-Year List'!$A$2:$A$13,0), first, $C$3, dt, first + 7*(COLUMNS($D4:E4)-1), IF(MONTH(dt)=mo, TEXT(dt,"ddd, mmm d"), "")) -> Sun, May 11 | F4: =LET( mo, MATCH($G$3,'Month-Year List'!$A$2:$A$13,0), first, $C$3, dt, first + 7*(COLUMNS($D4:F4)-1), IF(MONTH(dt)=mo, TEXT(dt,"ddd, mmm d"), "")) -> Sun, May 18 | G4: =LET( mo, MATCH($G$3,'Month-Year List'!$A$2:$A$13,0), first, $C$3, dt, first + 7*(COLUMNS($D4:G4)-1), IF(MONTH(dt)=mo, TEXT(dt,"ddd, mmm d"), "")) -> Sun, May 25 | H4: =LET( mo, MATCH($G$3,'Month-Year List'!$A$2:$A$13,0), first, $C$3, dt, first + 7*(COLUMNS($D4:H4)-1), IF(MONTH(dt)=mo, TEXT(dt,"ddd, mmm d"), ""))
A5: Grade | B5: Student Name | I5: Present Count
A6: KG | B6: Ethan Renju | I6: =COUNTIF(D6:H6,1) -> 0
A7: KG | B7: Gia A. Tom | I7: =COUNTIF(D7:H7,1) -> 0
A8: 1st | B8: Evan Starly | I8: =COUNTIF(D8:H8,1) -> 0
A9: 1st | B9: Evana Mathew | I9: =COUNTIF(D9:H9,1) -> 0
A10: 3rd | B10: Eileen M. Joe | I10: =COUNTIF(D10:H10,1) -> 0
A11: 3rd | B11: Riyana Rince | I11: =COUNTIF(D11:H11,1) -> 0
A12: 4th | B12: Aaron Renju | I12: =COUNTIF(D12:H12,1) -> 0
A13: 4th | B13: Ezekiel A. | I13: =COUNTIF(D13:H13,1) -> 0
A14: 5th | B14: Andrea George | I14: =COUNTIF(D14:H14,1) -> 0
A15: 5th | B15: Sarah Mathew | I15: =COUNTIF(D15:H15,1) -> 0
A16: 6th | B16: Benjamin Shino | I16: =COUNTIF(D16:H16,1) -> 0
A17: 6th | B17: Ethanial A. | I17: =COUNTIF(D17:H17,1) -> 0
... A26: 10th | B26: Hannah V. | I26: =COUNTIF(D26:H26,1) -> 0
A27: 11th | B27: Abel Jacob | D27: 1 | I27: =COUNTIF(D27:H27,1) -> 1
A28: 11th | B28: Jason Vijay | D28: 1 | I28: =COUNTIF(D28:H28,1) -> 1

Sheet June
A1: ="Attendance Sheet for "&G3&" - "&O3&"" -> Attendance Sheet for June - 2025
C3: =DATE(2025, MATCH($G$3, 'Month-Year List'!$A$2:$A$13, 0), 1)+ MOD(1 - WEEKDAY(DATE(2025, MATCH($G$3, 'Month-Year List'!$A$2:$A$13, 0), 1), 1), 7) -> 45809 | D3: Month | G3: June | O3: 2025
D4: =LET( mo, MATCH($G$3,'Month-Year List'!$A$2:$A$13,0), first, $C$3, dt, first + 7*(COLUMNS($D4:D4)-1), IF(MONTH(dt)=mo, TEXT(dt,"ddd, mmm d"), "")) -> Sun, Jun 1 | E4: =LET( mo, MATCH($G$3,'Month-Year List'!$A$2:$A$13,0), first, $C$3, dt, first + 7*(COLUMNS($D4:E4)-1), IF(MONTH(dt)=mo, TEXT(dt,"ddd, mmm d"), "")) -> Sun, Jun 8 | F4: =LET( mo, MATCH($G$3,'Month-Year List'!$A$2:$A$13,0), first, $C$3, dt, first + 7*(COLUMNS($D4:F4)-1), IF(MONTH(dt)=mo, TEXT(dt,"ddd, mmm d"), "")) -> Sun, Jun 15 | G4: =LET( mo, MATCH($G$3,'Month-Year List'!$A$2:$A$13,0), first, $C$3, dt, first + 7*(COLUMNS($D4:G4)-1), IF(MONTH(dt)=mo, TEXT(dt,"ddd, mmm d"), "")) -> Sun, Jun 22 | H4: =LET( mo, MATCH($G$3,'Month-Year List'!$A$2:$A$13,0), first, $C$3, dt, first + 7*(COLUMNS($D4:H4)-1), IF(MONTH(dt)=mo, TEXT(dt,"ddd, mmm d"), "")) -> Sun, Jun 29
A5: Grade | B5: Student Name | I5: Present Count
A6: KG | B6: Ethan Renju | I6: =COUNTIF(D6:H6,1) -> 0
A7: KG | B7: Gia A. Tom | I7: =COUNTIF(D7:H7,1) -> 0
A8: 1st | B8: Evan Starly | I8: =COUNTIF(D8:H8,1) -> 0
A9: 1st | B9: Evana Mathew | I9: =COUNTIF(D9:H9,1) -> 0
A10: 3rd | B10: Eileen M. Joe | I10: =COUNTIF(D10:H10,1) -> 0
A11: 3rd | B11: Riyana Rince | I11: =COUNTIF(D11:H11,1) -> 0
A12: 4th | B12: Aaron Renju | I12: =COUNTIF(D12:H12,1) -> 0
A13: 4th | B13: Ezekiel A. | I13: =COUNTIF(D13:H13,1) -> 0
A14: 5th | B14: Andrea George | I14: =COUNTIF(D14:H14,1) -> 0
A15: 5th | B15: Sarah Mathew | I15: =COUNTIF(D15:H15,1) -> 0
A16: 6th | B16: Benjamin Shino | I16: =COUNTIF(D16:H16,1) -> 0
A17: 6th | B17: Ethanial A. | I17: =COUNTIF(D17:H17,1) -> 0
... A28: 11th | B28: Jason Vijay | I28: =COUNTIF(D28:H28,1) -> 0

Sheet July
A1: ="Attendance Sheet for "&G3&" - "&O3&"" -> Attendance Sheet for July - 2025
C3: =DATE(2025, MATCH($G$3, 'Month-Year List'!$A$2:$A$13, 0), 1)+ MOD(1 - WEEKDAY(DATE(2025, MATCH($G$3, 'Month-Year List'!$A$2:$A$13, 0), 1), 1), 7) -> 45844 | D3: Month | G3: July | O3: 2025
D4: =LET( mo, MATCH($G$3,'Month-Year List'!$A$2:$A$13,0), first, $C$3, dt, first + 7*(COLUMNS($D4:D4)-1), IF(MONTH(dt)=mo, TEXT(dt,"ddd, mmm d"), "")) -> Sun, Jul 6 | E4: =LET( mo, MATCH($G$3,'Month-Year List'!$A$2:$A$13,0), first, $C$3, dt, first + 7*(COLUMNS($D4:E4)-1), IF(MONTH(dt)=mo, TEXT(dt,"ddd, mmm d"), "")) -> Sun, Jul 13 | F4: =LET( mo, MATCH($G$3,'Month-Year List'!$A$2:$A$13,0), first, $C$3, dt, first + 7*(COLUMNS($D4:F4)-1), IF(MONTH(dt)=mo, TEXT(dt,"ddd, mmm d"), "")) -> Sun, Jul 20 | G4: =LET( mo, MATCH($G$3,'Month-Year List'!$A$2:$A$13,0), first, $C$3, dt, first + 7*(COLUMNS($D4:G4)-1), IF(MONTH(dt)=mo, TEXT(dt,"ddd, mmm d"), "")) -> Sun, Jul 27 | H4: =LET( mo, MATCH($G$3,'Month-Year List'!$A$2:$A$13,0), first, $C$3, dt, first + 7*(COLUMNS($D4:H4)-1), IF(MONTH(dt)=mo, TEXT(dt,"ddd, mmm d"), ""))
A5: Grade | B5: Student Name | I5: Present Count
A6: KG | B6: Ethan Renju | I6: =COUNTIF(D6:H6,1) -> 0
A7: KG | B7: Gia A. Tom | I7: =COUNTIF(D7:H7,1) -> 0
A8: 1st | B8: Evan Starly | I8: =COUNTIF(D8:H8,1) -> 0
A9: 1st | B9: Evana Mathew | F9: 1 | I9: =COUNTIF(D9:H9,1) -> 1
A10: 3rd | B10: Eileen M. Joe | I10: =COUNTIF(D10:H10,1) -> 0
A11: 3rd | B11: Riyana Rince | I11: =COUNTIF(D11:H11,1) -> 0
A12: 4th | B12: Aaron Renju | I12: =COUNTIF(D12:H12,1) -> 0
A13: 4th | B13: Ezekiel A. | I13: =COUNTIF(D13:H13,1) -> 0
A14: 5th | B14: Andrea George | I14: =COUNTIF(D14:H14,1) -> 0
A15: 5th | B15: Sarah Mathew | I15: =COUNTIF(D15:H15,1) -> 0
A16: 6th | B16: Benjamin Shino | I16: =COUNTIF(D16:H16,1) -> 0
A17: 6th | B17: Ethanial A. | I17: =COUNTIF(D17:H17,1) -> 0
A18: 6th | B18: Joannah Vijay | I18: =COUNTIF(D18:H18,1) -> 0
A19: 7th | B19: Daniel Jacob | I19: =COUNTIF(D19:H19,1) -> 0
A20: 7th | B20: Ethan Starley | I20: =COUNTIF(D20:H20,1) -> 0
A21: 8th | B21: Eliath A. | I21: =COUNTIF(D21:H21,1) -> 0
... A28: 11th | B28: Jason Vijay | I28: =COUNTIF(D28:H28,1) -> 0

Sheet August
A1: ="Attendance Sheet for "&G3&" - "&O3&"" -> Attendance Sheet for August - 2025
C3: =DATE(2025, MATCH($G$3, 'Month-Year List'!$A$2:$A$13, 0), 1)+ MOD(1 - WEEKDAY(DATE(2025, MATCH($G$3, 'Month-Year List'!$A$2:$A$13, 0), 1), 1), 7) -> 45872 | D3: Month | G3: August | O3: 2025
A4: Grade | B4: Student Name | D4: =LET( mo, MATCH($G$3,'Month-Year List'!$A$2:$A$13,0), first, $C$3, dt, first + 7*(COLUMNS($D4:D4)-1), IF(MONTH(dt)=mo, TEXT(dt,"ddd, mmm d"), "")) -> Sun, Aug 3 | E4: =LET( mo, MATCH($G$3,'Month-Year List'!$A$2:$A$13,0), first, $C$3, dt, first + 7*(COLUMNS($D4:E4)-1), IF(MONTH(dt)=mo, TEXT(dt,"ddd, mmm d"), "")) -> Sun, Aug 10 | F4: =LET( mo, MATCH($G$3,'Month-Year List'!$A$2:$A$13,0), first, $C$3, dt, first + 7*(COLUMNS($D4:F4)-1), IF(MONTH(dt)=mo, TEXT(dt,"ddd, mmm d"), "")) -> Sun, Aug 17 | G4: =LET( mo, MATCH($G$3,'Month-Year List'!$A$2:$A$13,0), first, $C$3, dt, first + 7*(COLUMNS($D4:G4)-1), IF(MONTH(dt)=mo, TEXT(dt,"ddd, mmm d"), "")) -> Sun, Aug 24 | H4: =LET( mo, MATCH($G$3,'Month-Year List'!$A$2:$A$13,0), first, $C$3, dt, first + 7*(COLUMNS($D4:H4)-1), IF(MONTH(dt)=mo, TEXT(dt,"ddd, mmm d"), "")) -> Sun, Aug 31 | I4: Present Counter
A5: KG | B5: Ethan Renju | G5: 1 | H5: 1 | I5: =COUNTIF(D5:H5,1) -> 2
A6: KG | B6: Gia A. Tom | G6: 1 | H6: 1 | I6: =COUNTIF(D6:H6,1) -> 2
A7: 1st | B7: Evan Starly | G7: 1 | H7: 1 | I7: =COUNTIF(D7:H7,1) -> 2
A8: 1st | B8: Evana Mathew | E8: 1 | I8: =COUNTIF(D8:H8,1) -> 1
A9: 3rd | B9: Eileen M. Joe | E9: 1 | G9: 1 | H9: 1 | I9: =COUNTIF(D9:H9,1) -> 3
A10: 3rd | B10: Riyana Rince | H10: 1 | I10: =COUNTIF(D10:H10,1) -> 1
A11: 4th | B11: Aaron Renju | G11: 1 | H11: 1 | I11: =COUNTIF(D11:H11,1) -> 2
A12: 4th | B12: Ezekiel A. | G12: 1 | H12: 1 | I12: =COUNTIF(D12:H12,1) -> 2
A13: 5th | B13: Andrea George | E13: 1 | G13: 1 | H13: 1 | I13: =COUNTIF(D13:H13,1) -> 3
A14: 5th | B14: Sarah Mathew | I14: =COUNTIF(D14:H14,1) -> 0
A15: 6th | B15: Benjamin Shino | G15: 1 | H15: 1 | I15: =COUNTIF(D15:H15,1) -> 2
A16: 6th | B16: Ethanial A. | G16: 1 | H16: 1 | I16: =COUNTIF(D16:H16,1) -> 2
A17: 6th | B17: Joannah Vijay | E17: 1 | I17: =COUNTIF(D17:H17,1) -> 1
A18: 7th | B18: Daniel Jacob | E18: 1 | G18: 1 | H18: 1 | I18: =COUNTIF(D18:H18,1) -> 3
A19: 7th | B19: Ethan Starley | G19: 1 | H19: 1 | I19: =COUNTIF(D19:H19,1) -> 2
A20: 8th | B20: Eliath A. | G20: 1 | H20: 1 | I20: =COUNTIF(D20:H20,1) -> 2
A21: 8th | B21: Hannah Philip | E21: 1 | G21: 1 | H21: 1 | I21: =COUNTIF(D21:H21,1) -> 3
A22: 8th | B22: Hannah Rince | H22: 1 | I22: =COUNTIF(D22:H22,1) -> 1
A23: 9th | B23: Angel A. | E23: 1 | G23: 1 | H23: 1 | I23: =COUNTIF(D23:H23,1) -> 3
A24: 9th | B24: Eleora Joe | E24: 1 | G24: 1 | H24: 1 | I24: =COUNTIF(D24:H24,1) -> 3
A25: 10th | B25: Hannah V. | E25: 1 | G25: 1 | H25: 1 | I25: =COUNTIF(D25:H25,1) -> 3
A26: 11th | B26: Abel Jacob | E26: 1 | G26: 1 | H26: 1 | I26: =COUNTIF(D26:H26,1) -> 3
A27: 11th | B27: Jason Vijay | E27: 0 | G27: 0 | H27: 0 | I27: =COUNTIF(D27:H27,1) -> 0

Sheet September
A1: ="Attendance Sheet for "&G3&" - "&O3&"" -> Attendance Sheet for September - 2025
C3: =DATE(2025, MATCH($G$3, 'Month-Year List'!$A$2:$A$13, 0), 1)+ MOD(1 - WEEKDAY(DATE(2025, MATCH($G$3, 'Month-Year List'!$A$2:$A$13, 0), 1), 1), 7) -> 45907 | D3: Month | G3: September | O3: 2025
A4: Grade | B4: Student Name | D4: =LET( mo, MATCH($G$3,'Month-Year List'!$A$2:$A$13,0), first, $C$3, dt, first + 7*(COLUMNS($D4:D4)-1), IF(MONTH(dt)=mo, TEXT(dt,"ddd, mmm d"), "")) -> Sun, Sep 7 | E4: =LET( mo, MATCH($G$3,'Month-Year List'!$A$2:$A$13,0), first, $C$3, dt, first + 7*(COLUMNS($D4:E4)-1), IF(MONTH(dt)=mo, TEXT(dt,"ddd, mmm d"), "")) -> Sun, Sep 14 | F4: =LET( mo, MATCH($G$3,'Month-Year List'!$A$2:$A$13,0), first, $C$3, dt, first + 7*(COLUMNS($D4:F4)-1), IF(MONTH(dt)=mo, TEXT(dt,"ddd, mmm d"), "")) -> Sun, Sep 21 | G4: =LET( mo, MATCH($G$3,'Month-Year List'!$A$2:$A$13,0), first, $C$3, dt, first + 7*(COLUMNS($D4:G4)-1), IF(MONTH(dt)=mo, TEXT(dt,"ddd, mmm d"), "")) -> Sun, Sep 28 | H4: =LET( mo, MATCH($G$3,'Month-Year List'!$A$2:$A$13,0), first, $C$3, dt, first + 7*(COLUMNS($D4:H4)-1), IF(MONTH(dt)=mo, TEXT(dt,"ddd, mmm d"), "")) | I4: Present Counter
A5: KG | B5: Ethan Renju | D5: 1 | E5: 1 | F5: 1 | G5: 1 | I5: =COUNTIF(D5:H5,1) -> 4
A6: KG | B6: Gia A. Tom | D6: 1 | F6: 1 | I6: =COUNTIF(D6:H6,1) -> 2
A7: 1st | B7: Evan Starly | E7: 1 | I7: =COUNTIF(D7:H7,1) -> 1
A8: 1st | B8: Evana Mathew | D8: 1 | I8: =COUNTIF(D8:H8,1) -> 1
A9: 3rd | B9: Eileen M. Joe | D9: 1 | E9: 1 | G9: 1 | I9: =COUNTIF(D9:H9,1) -> 3
A10: 3rd | B10: Riyana Rince | D10: 1 | I10: =COUNTIF(D10:H10,1) -> 1
A11: 4th | B11: Aaron Renju | D11: 1 | E11: 1 | G11: 1 | I11: =COUNTIF(D11:H11,1) -> 3
A12: 4th | B12: Ezekiel A. | D12: 1 | G12: 1 | I12: =COUNTIF(D12:H12,1) -> 2
A13: 5th | B13: Andrea George | D13: 1 | E13: 1 | G13: 1 | I13: =COUNTIF(D13:H13,1) -> 3
A14: 5th | B14: Sarah Mathew | G14: 1 | I14: =COUNTIF(D14:H14,1) -> 1
A15: 6th | B15: Benjamin Shino | D15: 1 | I15: =COUNTIF(D15:H15,1) -> 1
A16: 6th | B16: Ethanial A. | D16: 1 | G16: 1 | I16: =COUNTIF(D16:H16,1) -> 2
A17: 6th | B17: Joannah Vijay | D17: 1 | G17: 1 | I17: =COUNTIF(D17:H17,1) -> 2
A18: 7th | B18: Daniel Jacob | D18: 1 | E18: 1 | G18: 1 | I18: =COUNTIF(D18:H18,1) -> 3
A19: 7th | B19: Ethan Starley | E19: 1 | I19: =COUNTIF(D19:H19,1) -> 1
A20: 8th | B20: Eliath A. | D20: 1 | G20: 1 | I20: =COUNTIF(D20:H20,1) -> 2
A21: 8th | B21: Hannah Philip | D21: 1 | E21: 1 | G21: 1 | I21: =COUNTIF(D21:H21,1) -> 3
A22: 8th | B22: Hannah Rince | D22: 1 | I22: =COUNTIF(D22:H22,1) -> 1
A23: 9th | B23: Angel A. | D23: 1 | G23: 1 | I23: =COUNTIF(D23:H23,1) -> 2
A24: 9th | B24: Eleora Joe | D24: 1 | E24: 1 | G24: 1 | I24: =COUNTIF(D24:H24,1) -> 3
A25: 10th | B25: Hannah V. | D25: 1 | E25: 1 | G25: 1 | I25: =COUNTIF(D25:H25,1) -> 3
A26: 11th | B26: Abel Jacob | D26: 1 | E26: 1 | F26: 1 | G26: 1 | I26: =COUNTIF(D26:H26,1) -> 4
A27: 11th | B27: Jason Vijay | D27: 0 | E27: 0 | F27: 1 | G27: 1 | I27: =COUNTIF(D27:H27,1) -> 2

Sheet October
A1: ="Attendance Sheet for "&G3&" - "&O3&"" -> Attendance Sheet for October - 2025
C3: =DATE(2025, MATCH($G$3, 'Month-Year List'!$A$2:$A$13, 0), 1)+ MOD(1 - WEEKDAY(DATE(2025, MATCH($G$3, 'Month-Year List'!$A$2:$A$13, 0), 1), 1), 7) -> 45935 | D3: Month | G3: October | O3: 2025
A4: Grade | B4: Student Name | D4: =LET( mo, MATCH($G$3,'Month-Year List'!$A$2:$A$13,0), first, $C$3, dt, first + 7*(COLUMNS($D4:D4)-1), IF(MONTH(dt)=mo, TEXT(dt,"ddd, mmm d"), "")) -> Sun, Oct 5 | E4: =LET( mo, MATCH($G$3,'Month-Year List'!$A$2:$A$13,0), first, $C$3, dt, first + 7*(COLUMNS($D4:E4)-1), IF(MONTH(dt)=mo, TEXT(dt,"ddd, mmm d"), "")) -> Sun, Oct 12 | F4: =LET( mo, MATCH($G$3,'Month-Year List'!$A$2:$A$13,0), first, $C$3, dt, first + 7*(COLUMNS($D4:F4)-1), IF(MONTH(dt)=mo, TEXT(dt,"ddd, mmm d"), "")) -> Sun, Oct 19 | G4: =LET( mo, MATCH($G$3,'Month-Year List'!$A$2:$A$13,0), first, $C$3, dt, first + 7*(COLUMNS($D4:G4)-1), IF(MONTH(dt)=mo, TEXT(dt,"ddd, mmm d"), "")) -> Sun, Oct 26 | H4: =LET( mo, MATCH($G$3,'Month-Year List'!$A$2:$A$13,0), first, $C$3, dt, first + 7*(COLUMNS($D4:H4)-1), IF(MONTH(dt)=mo, TEXT(dt,"ddd, mmm d"), "")) | I4: Present Counter
A5: KG | B5: Ethan Renju | D5: 1 | I5: =COUNTIF(D5:H5,1) -> 1
A6: KG | B6: Gia A. Tom | D6: 1 | I6: =COUNTIF(D6:H6,1) -> 1
A7: 1st | B7: Evan Starly | D7: 1 | I7: =COUNTIF(D7:H7,1) -> 1
A8: 1st | B8: Evana Mathew | D8: 1 | I8: =COUNTIF(D8:H8,1) -> 1
A9: 3rd | B9: Eileen M. Joe | D9: 1 | I9: =COUNTIF(D9:H9,1) -> 1
A10: 3rd | B10: Riyana Rince | I10: =COUNTIF(D10:H10,1) -> 0
A11: 4th | B11: Aaron Renju | D11: 1 | E11: 1 | F11: 1 | I11: =COUNTIF(D11:H11,1) -> 3
A12: 4th | B12: Ezekiel A. | D12: 1 | E12: 1 | F12: 1 | I12: =COUNTIF(D12:H12,1) -> 3
A13: 5th | B13: Andrea George | D13: 1 | E13: 1 | I13: =COUNTIF(D13:H13,1) -> 2
A14: 5th | B14: Sarah Mathew | D14: 1 | E14: 1 | I14: =COUNTIF(D14:H14,1) -> 2
A15: 6th | B15: Benjamin Shino | I15: =COUNTIF(D15:H15,1) -> 0
A16: 6th | B16: Ethanial A. | G16: 1 | I16: =COUNTIF(D16:H16,1) -> 1
A17: 6th | B17: Joannah Vijay | D17: 1 | I17: =COUNTIF(D17:H17,1) -> 1
A18: 7th | B18: Daniel Jacob | D18: 1 | F18: 1 | G18: 1 | I18: =COUNTIF(D18:H18,1) -> 3
A19: 7th | B19: Ethan Starley | D19: 1 | F19: 1 | G19: 1 | I19: =COUNTIF(D19:H19,1) -> 3
A20: 8th | B20: Eliath A. | I20: =COUNTIF(D20:H20,1) -> 0
A21: 8th | B21: Hannah Philip | D21: 1 | I21: =COUNTIF(D21:H21,1) -> 1
A22: 8th | B22: Hannah Rince | I22: =COUNTIF(D22:H22,1) -> 0
A23: 9th | B23: Angel A. | D23: 1 | I23: =COUNTIF(D23:H23,1) -> 1
A24: 9th | B24: Eleora Joe | D24: 1 | I24: =COUNTIF(D24:H24,1) -> 1
A25: 10th | B25: Hannah V. | D25: 1 | G25: 1 | I25: =COUNTIF(D25:H25,1) -> 2
A26: 11th | B26: Abel Jacob | D26: 1 | G26: 1 | H26: 1 | I26: =COUNTIF(D26:H26,1) -> 3
A27: 11th | B27: Jason Vijay | D27: 1 | G27: 0 | H27: 0 | I27: =COUNTIF(D27:H27,1) -> 1

Sheet November
A1: ="Attendance Sheet for "&G3&" - "&O3&"" -> Attendance Sheet for November - 2025
C3: =DATE(2025, MATCH($G$3, 'Month-Year List'!$A$2:$A$13, 0), 1)+ MOD(1 - WEEKDAY(DATE(2025, MATCH($G$3, 'Month-Year List'!$A$2:$A$13, 0), 1), 1), 7) -> 45963 | D3: Month | G3: November | O3: 2025
A4: Grade | B4: Student Name | D4: =LET( mo, MATCH($G$3,'Month-Year List'!$A$2:$A$13,0), first, $C$3, dt, first + 7*(COLUMNS($D4:D4)-1), IF(MONTH(dt)=mo, TEXT(dt,"ddd, mmm d"), "")) -> Sun, Nov 2 | E4: =LET( mo, MATCH($G$3,'Month-Year List'!$A$2:$A$13,0), first, $C$3, dt, first + 7*(COLUMNS($D4:E4)-1), IF(MONTH(dt)=mo, TEXT(dt,"ddd, mmm d"), "")) -> Sun, Nov 9 | F4: =LET( mo, MATCH($G$3,'Month-Year List'!$A$2:$A$13,0), first, $C$3, dt, first + 7*(COLUMNS($D4:F4)-1), IF(MONTH(dt)=mo, TEXT(dt,"ddd, mmm d"), "")) -> Sun, Nov 16 | G4: =LET( mo, MATCH($G$3,'Month-Year List'!$A$2:$A$13,0), first, $C$3, dt, first + 7*(COLUMNS($D4:G4)-1), IF(MONTH(dt)=mo, TEXT(dt,"ddd, mmm d"), "")) -> Sun, Nov 23 | H4: =LET( mo, MATCH($G$3,'Month-Year List'!$A$2:$A$13,0), first, $C$3, dt, first + 7*(COLUMNS($D4:H4)-1), IF(MONTH(dt)=mo, TEXT(dt,"ddd, mmm d"), "")) -> Sun, Nov 30 | I4: Present Counter
A5: KG | B5: Ethan Renju | D5: 1 | E5: 1 | F5: 1 | I5: =COUNTIF(D5:H5,1) -> 3
A6: KG | B6: Gia A. Tom | D6: 1 | E6: 1 | F6: 1 | I6: =COUNTIF(D6:H6,1) -> 3
A7: 1st | B7: Evan Starly | D7: 1 | E7: 1 | F7: 1 | G7: 1 | H7: 1 | I7: =COUNTIF(D7:H7,1) -> 5
A8: 1st | B8: Evana Mathew | D8: 1 | E8: 1 | F8: 0 | G8: 1 | H8: 0 | I8: =COUNTIF(D8:H8,1) -> 3
A9: 3rd | B9: Eileen M. Joe | D9: 1 | E9: 1 | F9: 1 | I9: =COUNTIF(D9:H9,1) -> 3
A10: 3rd | B10: Riyana Rince | D10: 1 | F10: 1 | I10: =COUNTIF(D10:H10,1) -> 2
A11: 4th | B11: Aaron Renju | D11: 1 | E11: 1 | F11: 1 | I11: =COUNTIF(D11:H11,1) -> 3
A12: 4th | B12: Ezekiel A. | D12: 1 | E12: 1 | F12: 1 | I12: =COUNTIF(D12:H12,1) -> 3
A13: 5th | B13: Andrea George | D13: 1 | E13: 1 | F13: 1 | I13: =COUNTIF(D13:H13,1) -> 3
A14: 5th | B14: Sarah Mathew | E14: 1 | F14: 1 | I14: =COUNTIF(D14:H14,1) -> 2
A15: 6th | B15: Benjamin Shino | E15: 1 | F15: 1 | I15: =COUNTIF(D15:H15,1) -> 2
A16: 6th | B16: Ethanial A. | D16: 1 | E16: 1 | F16: 1 | I16: =COUNTIF(D16:H16,1) -> 3
A17: 6th | B17: Joannah Vijay | D17: 1 | E17: 1 | F17: 1 | I17: =COUNTIF(D17:H17,1) -> 3
A18: 7th | B18: Daniel Jacob | D18: 1 | E18: 1 | F18: 1 | I18: =COUNTIF(D18:H18,1) -> 3
A19: 7th | B19: Ethan Starly | D19: 1 | E19: 0 | F19: 1 | I19: =COUNTIF(D19:H19,1) -> 2
A20: 8th | B20: Eliath A | D20: 1 | E20: 1 | F20: 1 | I20: =COUNTIF(D20:H20,1) -> 3
A21: 8th | B21: Hannah Philip | D21: 1 | E21: 1 | F21: 1 | G21: 1 | I21: =COUNTIF(D21:H21,1) -> 4
A22: 8th | B22: Hannah Rince | D22: 1 | F22: 1 | I22: =COUNTIF(D22:H22,1) -> 2
A23: 9th | B23: Angel A. | D23: 1 | E23: 1 | F23: 1 | G23: 1 | I23: =COUNTIF(D23:H23,1) -> 4
A24: 9th | B24: Eleora Joe | D24: 1 | E24: 1 | F24: 1 | G24: 1 | I24: =COUNTIF(D24:H24,1) -> 4
A25: 10th | B25: Hannah V. | D25: 1 | E25: 1 | F25: 1 | G25: 1 | I25: =COUNTIF(D25:H25,1) -> 4
A26: 11th | B26: Abel Jacob | D26: 1 | E26: 1 | F26: 1 | I26: =COUNTIF(D26:H26,1) -> 3
A27: 11th | B27: Jason Vijay | D27: 0 | E27: 1 | F27: 1 | I27: =COUNTIF(D27:H27,1) -> 2

Sheet December
A1: ="Attendance Sheet for "&G3&" - "&O3&"" -> Attendance Sheet for December - 2025
C3: =DATE(2025, MATCH($G$3, 'Month-Year List'!$A$2:$A$13, 0), 1)+ MOD(1 - WEEKDAY(DATE(2025, MATCH($G$3, 'Month-Year List'!$A$2:$A$13, 0), 1), 1), 7) -> 45998 | D3: Month | G3: December | O3: 2025
A4: Grade | B4: Student Name | D4: =LET( mo, MATCH($G$3,'Month-Year List'!$A$2:$A$13,0), first, $C$3, dt, first + 7*(COLUMNS($D4:D4)-1), IF(MONTH(dt)=mo, TEXT(dt,"ddd, mmm d"), "")) -> Sun, Dec 7 | E4: =LET( mo, MATCH($G$3,'Month-Year List'!$A$2:$A$13,0), first, $C$3, dt, first + 7*(COLUMNS($D4:E4)-1), IF(MONTH(dt)=mo, TEXT(dt,"ddd, mmm d"), "")) -> Sun, Dec 14 | F4: =LET( mo, MATCH($G$3,'Month-Year List'!$A$2:$A$13,0), first, $C$3, dt, first + 7*(COLUMNS($D4:F4)-1), IF(MONTH(dt)=mo, TEXT(dt,"ddd, mmm d"), "")) -> Sun, Dec 21 | G4: =LET( mo, MATCH($G$3,'Month-Year List'!$A$2:$A$13,0), first, $C$3, dt, first + 7*(COLUMNS($D4:G4)-1), IF(MONTH(dt)=mo, TEXT(dt,"ddd, mmm d"), "")) -> Sun, Dec 28 | H4: =LET( mo, MATCH($G$3,'Month-Year List'!$A$2:$A$13,0), first, $C$3, dt, first + 7*(COLUMNS($D4:H4)-1), IF(MONTH(dt)=mo, TEXT(dt,"ddd, mmm d"), "")) | I4: Present Counter
A5: KG | B5: Ethan Renju | I5: =COUNTIF(D5:H5,1) -> 0
A6: KG | B6: Gia A. Tom | I6: =COUNTIF(D6:H6,1) -> 0
A7: 1st | B7: Evan Starly | D7: 1 | I7: =COUNTIF(D7:H7,1) -> 1
A8: 1st | B8: Evana Mathew | D8: 1 | I8: =COUNTIF(D8:H8,1) -> 1
A9: 3rd | B9: Eileen M. Joe | I9: =COUNTIF(D9:H9,1) -> 0
A10: 3rd | B10: Riyana Rince | I10: =COUNTIF(D10:H10,1) -> 0
A11: 4th | B11: Aaron Renju | D11: 0 | I11: =COUNTIF(D11:H11,1) -> 0
A12: 4th | B12: Ezekiel A. | D12: 1 | I12: =COUNTIF(D12:H12,1) -> 1
A13: 5th | B13: Andrea George | I13: =COUNTIF(D13:H13,1) -> 0
A14: 5th | B14: Sarah Mathew | I14: =COUNTIF(D14:H14,1) -> 0
A15: 6th | B15: Benjamin Shino | E15: 1 | I15: =COUNTIF(D15:H15,1) -> 1
A16: 6th | B16: Ethanial A. | I16: =COUNTIF(D16:H16,1) -> 0
A17: 6th | B17: Joannah Vijay | I17: =COUNTIF(D17:H17,1) -> 0
A18: 7th | B18: Daniel Jacob | D18: 1 | I18: =COUNTIF(D18:H18,1) -> 1
A19: 7th | B19: Ethan Starley | D19: 1 | I19: =COUNTIF(D19:H19,1) -> 1
A20: 8th | B20: Eliath A. | I20: =COUNTIF(D20:H20,1) -> 0
A21: 8th | B21: Hannah Philip | I21: =COUNTIF(D21:H21,1) -> 0
A22: 8th | B22: Hannah Rince | I22: =COUNTIF(D22:H22,1) -> 0
A23: 9th | B23: Angel A. | I23: =COUNTIF(D23:H23,1) -> 0
A24: 9th | B24: Eleora Joe | I24: =COUNTIF(D24:H24,1) -> 0
A25: 10th | B25: Hannah V. | I25: =COUNTIF(D25:H25,1) -> 0
A26: 11th | B26: Abel Jacob | D26: 0 | I26: =COUNTIF(D26:H26,1) -> 0
A27: 11th | B27: Jason Vijay | D27: 0 | I27: =COUNTIF(D27:H27,1) -> 0

Sheet Sheet23

Sheet Sheet19

Sheet Sheet20

Sheet Sheet21

Sheet Sheet22

Sheet Month-Year List
A1: Month | D1: Year
A2: January | D2: 2024
A3: February | D3: 2025
A4: March | D4: 2026
A5: April | D5: 2027
A6: May | D6: 2028
A7: June | D7: 2029
A8: July | D8: 2030
A9: August | D9: 2031
A10: September | D10: 2032
A11: October | D11: 2033
A12: November | D12: 2034
A13: December | D13: 2035
