Workbook

Sheet Scores
A1: Midterm & Final Scores - 2026-2027
A3: Enter scores (0-100) ONLY in the yellow Midterm / Final columns. Average and Letter Grade calculate automatically. Leave blank until graded.
A5: Grade | B5: Student Name | C5: Midterm | D5: Final | E5: Average | F5: Letter Grade | G5: Notes
A6: 1st | B6: Ethan Renju George | E6: =IFERROR(AVERAGE(C6:D6),"") | F6: =IF(E6="","",IF(E6>=90,"A",IF(E6>=80,"B",IF(E6>=70,"C",IF(E6>=60,"D","F")))))
A7: 1st | B7: Gia Ane Tom | E7: =IFERROR(AVERAGE(C7:D7),"") | F7: =IF(E7="","",IF(E7>=90,"A",IF(E7>=80,"B",IF(E7>=70,"C",IF(E7>=60,"D","F")))))
A8: 2nd | B8: Evan Starly | E8: =IFERROR(AVERAGE(C8:D8),"") | F8: =IF(E8="","",IF(E8>=90,"A",IF(E8>=80,"B",IF(E8>=70,"C",IF(E8>=60,"D","F")))))
A9: 2nd | B9: Evana Mathew | E9: =IFERROR(AVERAGE(C9:D9),"") | F9: =IF(E9="","",IF(E9>=90,"A",IF(E9>=80,"B",IF(E9>=70,"C",IF(E9>=60,"D","F")))))
A10: 4th | B10: Eileen Mary Joe | E10: =IFERROR(AVERAGE(C10:D10),"") | F10: =IF(E10="","",IF(E10>=90,"A",IF(E10>=80,"B",IF(E10>=70,"C",IF(E10>=60,"D","F")))))
A11: 4th | B11: Riyana Rince | E11: =IFERROR(AVERAGE(C11:D11),"") | F11: =IF(E11="","",IF(E11>=90,"A",IF(E11>=80,"B",IF(E11>=70,"C",IF(E11>=60,"D","F")))))
A12: 5th | B12: Aaron Renju George | E12: =IFERROR(AVERAGE(C12:D12),"") | F12: =IF(E12="","",IF(E12>=90,"A",IF(E12>=80,"B",IF(E12>=70,"C",IF(E12>=60,"D","F")))))
A13: 5th | B13: Ezekiel Abraham | E13: =IFERROR(AVERAGE(C13:D13),"") | F13: =IF(E13="","",IF(E13>=90,"A",IF(E13>=80,"B",IF(E13>=70,"C",IF(E13>=60,"D","F")))))
A14: 6th | B14: Andrea George | E14: =IFERROR(AVERAGE(C14:D14),"") | F14: =IF(E14="","",IF(E14>=90,"A",IF(E14>=80,"B",IF(E14>=70,"C",IF(E14>=60,"D","F")))))
A15: 6th | B15: Sarah Mathew | E15: =IFERROR(AVERAGE(C15:D15),"") | F15: =IF(E15="","",IF(E15>=90,"A",IF(E15>=80,"B",IF(E15>=70,"C",IF(E15>=60,"D","F")))))
A16: 7th | B16: Benjamin Shino | E16: =IFERROR(AVERAGE(C16:D16),"") | F16: =IF(E16="","",IF(E16>=90,"A",IF(E16>=80,"B",IF(E16>=70,"C",IF(E16>=60,"D","F")))))
A17: 7th | B17: Ethaniel Abraham | E17: =IFERROR(AVERAGE(C17:D17),"") | F17: =IF(E17="","",IF(E17>=90,"A",IF(E17>=80,"B",IF(E17>=70,"C",IF(E17>=60,"D","F")))))
... A28: 12th | B28: Jason Vijay | E28: =IFERROR(AVERAGE(C28:D28),"") | F28: =IF(E28="","",IF(E28>=90,"A",IF(E28>=80,"B",IF(E28>=70,"C",IF(E28>=60,"D","F")))))
A30: (Example) | B30: Sample Student | C30: 85 | D30: 92 | E30: 88.5 | F30: B | G30: shows expected format

Sheet Class Summary
A1: Class Summary - 2026-2027
A3: Grade | B3: # Students | C3: Avg Midterm | D3: Avg Final | E3: Class Average | F3: Teacher
A4: KG | B4: =COUNTIF(Scores!$A$6:$A$28,A4) | C4: =IFERROR(AVERAGEIF(Scores!$A$6:$A$28,$A4,Scores!$C$6:$C$28),"-") | D4: =IFERROR(AVERAGEIF(Scores!$A$6:$A$28,$A4,Scores!$D$6:$D$28),"-") | E4: =IFERROR(AVERAGEIF(Scores!$A$6:$A$28,$A4,Scores!$E$6:$E$28),"-") | F4: TBD
A5: 1st | B5: =COUNTIF(Scores!$A$6:$A$28,A5) | C5: =IFERROR(AVERAGEIF(Scores!$A$6:$A$28,$A5,Scores!$C$6:$C$28),"-") | D5: =IFERROR(AVERAGEIF(Scores!$A$6:$A$28,$A5,Scores!$D$6:$D$28),"-") | E5: =IFERROR(AVERAGEIF(Scores!$A$6:$A$28,$A5,Scores!$E$6:$E$28),"-") | F5: Helen Philip
A6: 2nd | B6: =COUNTIF(Scores!$A$6:$A$28,A6) | C6: =IFERROR(AVERAGEIF(Scores!$A$6:$A$28,$A6,Scores!$C$6:$C$28),"-") | D6: =IFERROR(AVERAGEIF(Scores!$A$6:$A$28,$A6,Scores!$D$6:$D$28),"-") | E6: =IFERROR(AVERAGEIF(Scores!$A$6:$A$28,$A6,Scores!$E$6:$E$28),"-") | F6: Mary Kaithakkal
A7: 3rd | B7: =COUNTIF(Scores!$A$6:$A$28,A7) | C7: =IFERROR(AVERAGEIF(Scores!$A$6:$A$28,$A7,Scores!$C$6:$C$28),"-") | D7: =IFERROR(AVERAGEIF(Scores!$A$6:$A$28,$A7,Scores!$D$6:$D$28),"-") | E7: =IFERROR(AVERAGEIF(Scores!$A$6:$A$28,$A7,Scores!$E$6:$E$28),"-") | F7: N/A
A8: 4th | B8: =COUNTIF(Scores!$A$6:$A$28,A8) | C8: =IFERROR(AVERAGEIF(Scores!$A$6:$A$28,$A8,Scores!$C$6:$C$28),"-") | D8: =IFERROR(AVERAGEIF(Scores!$A$6:$A$28,$A8,Scores!$D$6:$D$28),"-") | E8: =IFERROR(AVERAGEIF(Scores!$A$6:$A$28,$A8,Scores!$E$6:$E$28),"-") | F8: Vincy Punnoose
A9: 5th | B9: =COUNTIF(Scores!$A$6:$A$28,A9) | C9: =IFERROR(AVERAGEIF(Scores!$A$6:$A$28,$A9,Scores!$C$6:$C$28),"-") | D9: =IFERROR(AVERAGEIF(Scores!$A$6:$A$28,$A9,Scores!$D$6:$D$28),"-") | E9: =IFERROR(AVERAGEIF(Scores!$A$6:$A$28,$A9,Scores!$E$6:$E$28),"-") | F9: Austen Binu
A10: 6th | B10: =COUNTIF(Scores!$A$6:$A$28,A10) | C10: =IFERROR(AVERAGEIF(Scores!$A$6:$A$28,$A10,Scores!$C$6:$C$28),"-") | D10: =IFERROR(AVERAGEIF(Scores!$A$6:$A$28,$A10,Scores!$D$6:$D$28),"-") | E10: =IFERROR(AVERAGEIF(Scores!$A$6:$A$28,$A10,Scores!$E$6:$E$28),"-") | F10: Joel Jacob
A11: 7th | B11: =COUNTIF(Scores!$A$6:$A$28,A11) | C11: =IFERROR(AVERAGEIF(Scores!$A$6:$A$28,$A11,Scores!$C$6:$C$28),"-") | D11: =IFERROR(AVERAGEIF(Scores!$A$6:$A$28,$A11,Scores!$D$6:$D$28),"-") | E11: =IFERROR(AVERAGEIF(Scores!$A$6:$A$28,$A11,Scores!$E$6:$E$28),"-") | F11: Jovin James
A12: 8th | B12: =COUNTIF(Scores!$A$6:$A$28,A12) | C12: =IFERROR(AVERAGEIF(Scores!$A$6:$A$28,$A12,Scores!$C$6:$C$28),"-") | D12: =IFERROR(AVERAGEIF(Scores!$A$6:$A$28,$A12,Scores!$D$6:$D$28),"-") | E12: =IFERROR(AVERAGEIF(Scores!$A$6:$A$28,$A12,Scores!$E$6:$E$28),"-") | F12: Julie Shajan
A13: 9th | B13: =COUNTIF(Scores!$A$6:$A$28,A13) | C13: =IFERROR(AVERAGEIF(Scores!$A$6:$A$28,$A13,Scores!$C$6:$C$28),"-") | D13: =IFERROR(AVERAGEIF(Scores!$A$6:$A$28,$A13,Scores!$D$6:$D$28),"-") | E13: =IFERROR(AVERAGEIF(Scores!$A$6:$A$28,$A13,Scores!$E$6:$E$28),"-") | F13: Asha Phillip
A14: 10th | B14: =COUNTIF(Scores!$A$6:$A$28,A14) | C14: =IFERROR(AVERAGEIF(Scores!$A$6:$A$28,$A14,Scores!$C$6:$C$28),"-") | D14: =IFERROR(AVERAGEIF(Scores!$A$6:$A$28,$A14,Scores!$D$6:$D$28),"-") | E14: =IFERROR(AVERAGEIF(Scores!$A$6:$A$28,$A14,Scores!$E$6:$E$28),"-") | F14: Emily Jacob
A15: 11th | B15: =COUNTIF(Scores!$A$6:$A$28,A15) | C15: =IFERROR(AVERAGEIF(Scores!$A$6:$A$28,$A15,Scores!$C$6:$C$28),"-") | D15: =IFERROR(AVERAGEIF(Scores!$A$6:$A$28,$A15,Scores!$D$6:$D$28),"-") | E15: =IFERROR(AVERAGEIF(Scores!$A$6:$A$28,$A15,Scores!$E$6:$E$28),"-") | F15: Kripa Varghese
A16: 12th | B16: =COUNTIF(Scores!$A$6:$A$28,A16) | C16: =IFERROR(AVERAGEIF(Scores!$A$6:$A$28,$A16,Scores!$C$6:$C$28),"-") | D16: =IFERROR(AVERAGEIF(Scores!$A$6:$A$28,$A16,Scores!$D$6:$D$28),"-") | E16: =IFERROR(AVERAGEIF(Scores!$A$6:$A$28,$A16,Scores!$E$6:$E$28),"-") | F16: Joyce Varghese
A17: ALL | B17: =COUNTA(Scores!$B$6:$B$28) | C17: =IFERROR(AVERAGE(Scores!$C$6:$C$28),"-") | D17: =IFERROR(AVERAGE(Scores!$D$6:$D$28),"-") | E17: =IFERROR(AVERAGE(Scores!$E$6:$E$28),"-")
